{"Field":[{"name":"staticTest","signature":"\u003cadvancedTest.Main: extras.Test staticTest\u003e","type":"extras.Test","declaringClassID":"11ed8231-9932-4e73-be0c-b6c6b34c2ee1","isStatic":true,"position":{"startLine":6,"startColumn":25,"endLine":6,"endColumn":35},"sourceFileName":"advancedTest.Main.java","id":"63a8ec8f-b0bf-40a8-b33d-b4307fcead8f"},{"name":"instanceTest","signature":"\u003cadvancedTest.Main: extras.Test instanceTest\u003e","type":"extras.Test","declaringClassID":"11ed8231-9932-4e73-be0c-b6c6b34c2ee1","isStatic":false,"position":{"startLine":7,"startColumn":18,"endLine":7,"endColumn":30},"sourceFileName":"advancedTest.Main.java","id":"c8cc9853-2c77-440f-9e00-f0e8a2f12fda"}],"Variable":[{"name":"args","doopName":"advancedTest.Main.main/args","type":"java.lang.String[]","declaringMethodID":"f809e3b9-5a8e-49d8-b975-1d923be61acb","isLocal":false,"isParameter":true,"position":{"startLine":9,"startColumn":38,"endLine":9,"endColumn":42},"sourceFileName":"advancedTest.Main.java","id":"eab04abb-db77-4e79-a9c9-6790a35f226c"},{"name":"test1","doopName":"advancedTest.Main.main/test1","type":"extras.Test","declaringMethodID":"f809e3b9-5a8e-49d8-b975-1d923be61acb","isLocal":true,"isParameter":false,"position":{"startLine":10,"startColumn":14,"endLine":10,"endColumn":19},"sourceFileName":"advancedTest.Main.java","id":"bf63e2a2-2c4e-4d2c-b0c1-fc46de364f9c"},{"name":"test3","doopName":"advancedTest.Main.main/test3","type":"extras.Test","declaringMethodID":"f809e3b9-5a8e-49d8-b975-1d923be61acb","isLocal":true,"isParameter":false,"position":{"startLine":12,"startColumn":14,"endLine":12,"endColumn":19},"sourceFileName":"advancedTest.Main.java","id":"cd45d814-58ba-4274-aecd-6cffc673431b"},{"name":"test2","doopName":"advancedTest.Main.main/test2","type":"extras.Test2","declaringMethodID":"f809e3b9-5a8e-49d8-b975-1d923be61acb","isLocal":true,"isParameter":false,"position":{"startLine":18,"startColumn":15,"endLine":18,"endColumn":20},"sourceFileName":"advancedTest.Main.java","id":"3e532985-4715-4061-a4c6-3ca2aad06219"},{"name":"a","doopName":"advancedTest.Main.main/a","type":"int","declaringMethodID":"f809e3b9-5a8e-49d8-b975-1d923be61acb","isLocal":true,"isParameter":false,"position":{"startLine":20,"startColumn":13,"endLine":20,"endColumn":14},"sourceFileName":"advancedTest.Main.java","id":"39f8d46b-3ad4-4b04-b76f-aff9659c2523"},{"name":"mainTest","doopName":"advancedTest.Main.main/mainTest","type":"advancedTest.Main","declaringMethodID":"f809e3b9-5a8e-49d8-b975-1d923be61acb","isLocal":true,"isParameter":false,"position":{"startLine":22,"startColumn":14,"endLine":22,"endColumn":22},"sourceFileName":"advancedTest.Main.java","id":"b09948f9-d1bc-4558-9a47-795d12cd38f9"},{"name":"main","doopName":"advancedTest.Main.main/main","type":"advancedTest.Main","declaringMethodID":"f809e3b9-5a8e-49d8-b975-1d923be61acb","isLocal":true,"isParameter":false,"position":{"startLine":32,"startColumn":14,"endLine":32,"endColumn":18},"sourceFileName":"advancedTest.Main.java","id":"cde881b6-b78f-4ea9-8482-f0e36c20b0e4"},{"name":"test","doopName":"\u003cadvancedTest.Main: extras.Test foo(extras.Test,extras.Test2)\u003e/test","type":"extras.Test","declaringMethodID":"03e555af-f259-4f51-aae1-82276f019114","isLocal":false,"isParameter":true,"position":{"startLine":41,"startColumn":33,"endLine":41,"endColumn":37},"sourceFileName":"advancedTest.Main.java","id":"ed8fc938-f6bd-4cc9-802e-082813c813fe"},{"name":"test2","doopName":"\u003cadvancedTest.Main: extras.Test foo(extras.Test,extras.Test2)\u003e/test2","type":"extras.Test2","declaringMethodID":"03e555af-f259-4f51-aae1-82276f019114","isLocal":false,"isParameter":true,"position":{"startLine":41,"startColumn":45,"endLine":41,"endColumn":50},"sourceFileName":"advancedTest.Main.java","id":"65128248-8390-4e8b-81e2-72f11e0c63a4"},{"name":"arg","doopName":"advancedTest.Main.bar/arg","type":"extras.Test2","declaringMethodID":"c570ae14-d59a-4108-87ee-63ef5257656e","isLocal":false,"isParameter":true,"position":{"startLine":45,"startColumn":35,"endLine":45,"endColumn":38},"sourceFileName":"advancedTest.Main.java","id":"6cd834d1-00ff-4329-8415-1e877fd08c6d"},{"name":"localTest","doopName":"\u003cadvancedTest.Main: extras.Test buz()\u003e/localTest","type":"extras.Test","declaringMethodID":"18d31a87-7168-45ad-92c8-0025911f51d5","isLocal":true,"isParameter":false,"position":{"startLine":53,"startColumn":14,"endLine":53,"endColumn":23},"sourceFileName":"advancedTest.Main.java","id":"7e476825-f4ff-43b1-8416-d7e46902228d"},{"name":"a","doopName":"\u003cadvancedTest.Main: extras.Test buz(int,extras.Test,extras.Test2)\u003e/a","type":"int","declaringMethodID":"b54ff813-ce73-4354-9f41-70df14f1e0dc","isLocal":false,"isParameter":true,"position":{"startLine":58,"startColumn":25,"endLine":58,"endColumn":26},"sourceFileName":"advancedTest.Main.java","id":"c1cfb0cd-6968-4082-81ed-e2d4aa58f4da"},{"name":"b","doopName":"\u003cadvancedTest.Main: extras.Test buz(int,extras.Test,extras.Test2)\u003e/b","type":"extras.Test","declaringMethodID":"b54ff813-ce73-4354-9f41-70df14f1e0dc","isLocal":false,"isParameter":true,"position":{"startLine":58,"startColumn":33,"endLine":58,"endColumn":34},"sourceFileName":"advancedTest.Main.java","id":"5e1ac532-0fc8-4c7b-855f-af1d12dadcf3"},{"name":"c","doopName":"\u003cadvancedTest.Main: extras.Test buz(int,extras.Test,extras.Test2)\u003e/c","type":"extras.Test2","declaringMethodID":"b54ff813-ce73-4354-9f41-70df14f1e0dc","isLocal":false,"isParameter":true,"position":{"startLine":58,"startColumn":42,"endLine":58,"endColumn":43},"sourceFileName":"advancedTest.Main.java","id":"78969a68-95e4-4bd5-8e86-b984fc5d774d"},{"name":"localTest","doopName":"\u003cadvancedTest.Main: extras.Test buz(int,extras.Test,extras.Test2)\u003e/localTest","type":"extras.Test2","declaringMethodID":"b54ff813-ce73-4354-9f41-70df14f1e0dc","isLocal":true,"isParameter":false,"position":{"startLine":60,"startColumn":15,"endLine":60,"endColumn":24},"sourceFileName":"advancedTest.Main.java","id":"b5b46e65-2e22-4ddf-9e71-0c0267d53465"}],"HeapAllocation":[{"type":"extras.Test","allocatingMethodID":"f809e3b9-5a8e-49d8-b975-1d923be61acb","doopID":"advancedTest.Main.main/new extras.Test/0","position":{"startLine":10,"startColumn":22,"endLine":10,"endColumn":30},"sourceFileName":"advancedTest.Main.java","id":"928bb18b-3b21-4530-b881-0e9d9e0ec53b"},{"type":"extras.Test2","allocatingMethodID":"f809e3b9-5a8e-49d8-b975-1d923be61acb","doopID":"advancedTest.Main.main/new extras.Test2/0","position":{"startLine":11,"startColumn":23,"endLine":11,"endColumn":32},"sourceFileName":"advancedTest.Main.java","id":"b2663257-d89b-4146-af00-bcc8acd37ecf"},{"type":"extras.Test2","allocatingMethodID":"f809e3b9-5a8e-49d8-b975-1d923be61acb","doopID":"advancedTest.Main.main/new extras.Test2/1","position":{"startLine":12,"startColumn":38,"endLine":12,"endColumn":47},"sourceFileName":"advancedTest.Main.java","id":"abfd63b7-21d5-4ef2-bee9-d4db2066f8ef"},{"type":"extras.Test2","allocatingMethodID":"f809e3b9-5a8e-49d8-b975-1d923be61acb","doopID":"advancedTest.Main.main/new extras.Test2/2","position":{"startLine":12,"startColumn":51,"endLine":12,"endColumn":60},"sourceFileName":"advancedTest.Main.java","id":"60d30119-c255-4569-8d5f-55281de8aabd"},{"type":"extras.Test","allocatingMethodID":"f809e3b9-5a8e-49d8-b975-1d923be61acb","doopID":"advancedTest.Main.main/new extras.Test/1","position":{"startLine":12,"startColumn":22,"endLine":12,"endColumn":30},"sourceFileName":"advancedTest.Main.java","id":"96c3161b-c3dc-4c33-bedc-c6a1c03040d1"},{"type":"extras.Test2","allocatingMethodID":"f809e3b9-5a8e-49d8-b975-1d923be61acb","doopID":"advancedTest.Main.main/new extras.Test2/3","position":{"startLine":14,"startColumn":21,"endLine":14,"endColumn":30},"sourceFileName":"advancedTest.Main.java","id":"2b7d5818-55ff-4c3c-8364-144f145e67e7"},{"type":"advancedTest.Main","allocatingMethodID":"f809e3b9-5a8e-49d8-b975-1d923be61acb","doopID":"advancedTest.Main.main/new advancedTest.Main/0","position":{"startLine":22,"startColumn":25,"endLine":22,"endColumn":33},"sourceFileName":"advancedTest.Main.java","id":"477082d3-a86a-4a6c-9590-e589af4ac042"},{"type":"advancedTest.Main","allocatingMethodID":"f809e3b9-5a8e-49d8-b975-1d923be61acb","doopID":"advancedTest.Main.main/new advancedTest.Main/1","position":{"startLine":24,"startColumn":17,"endLine":24,"endColumn":25},"sourceFileName":"advancedTest.Main.java","id":"d0fe6004-7d52-4140-beb5-915b14301754"},{"type":"advancedTest.Main","allocatingMethodID":"f809e3b9-5a8e-49d8-b975-1d923be61acb","doopID":"advancedTest.Main.main/new advancedTest.Main/2","position":{"startLine":25,"startColumn":33,"endLine":25,"endColumn":41},"sourceFileName":"advancedTest.Main.java","id":"369751c8-81be-483e-b57f-f652e6e440f6"},{"type":"advancedTest.Main","allocatingMethodID":"f809e3b9-5a8e-49d8-b975-1d923be61acb","doopID":"advancedTest.Main.main/new advancedTest.Main/3","position":{"startLine":27,"startColumn":17,"endLine":27,"endColumn":25},"sourceFileName":"advancedTest.Main.java","id":"63347632-d9fb-4dca-aeda-87fb7cc58dce"},{"type":"advancedTest.Main","allocatingMethodID":"f809e3b9-5a8e-49d8-b975-1d923be61acb","doopID":"advancedTest.Main.main/new advancedTest.Main/4","position":{"startLine":31,"startColumn":33,"endLine":31,"endColumn":41},"sourceFileName":"advancedTest.Main.java","id":"bcd45869-caa8-4a37-a8db-1285e494cecb"},{"type":"advancedTest.Main","allocatingMethodID":"f809e3b9-5a8e-49d8-b975-1d923be61acb","doopID":"advancedTest.Main.main/new advancedTest.Main/5","position":{"startLine":32,"startColumn":21,"endLine":32,"endColumn":29},"sourceFileName":"advancedTest.Main.java","id":"69e9fb53-86d3-45c2-926b-885a1d1caf29"},{"type":"extras.Test","allocatingMethodID":"0dbc3fb3-195e-463b-bc6d-91f424e69ca0","doopID":"\u003cadvancedTest.Main: extras.Test foo()\u003e/new extras.Test/0","position":{"startLine":38,"startColumn":16,"endLine":38,"endColumn":24},"sourceFileName":"advancedTest.Main.java","id":"c1de3b93-41a9-4a74-a55b-08a910c0c260"},{"type":"extras.Test","allocatingMethodID":"03e555af-f259-4f51-aae1-82276f019114","doopID":"\u003cadvancedTest.Main: extras.Test foo(extras.Test,extras.Test2)\u003e/new extras.Test/0","position":{"startLine":42,"startColumn":16,"endLine":42,"endColumn":24},"sourceFileName":"advancedTest.Main.java","id":"286d5cef-15e8-4ec3-869b-055929e70237"},{"type":"extras.Test2","allocatingMethodID":"c570ae14-d59a-4108-87ee-63ef5257656e","doopID":"advancedTest.Main.bar/new extras.Test2/0","position":{"startLine":47,"startColumn":20,"endLine":47,"endColumn":29},"sourceFileName":"advancedTest.Main.java","id":"960a3108-19f5-4c9d-82dc-eb8bff9bfe76"},{"type":"extras.Test","allocatingMethodID":"18d31a87-7168-45ad-92c8-0025911f51d5","doopID":"\u003cadvancedTest.Main: extras.Test buz()\u003e/new extras.Test/0","position":{"startLine":53,"startColumn":26,"endLine":53,"endColumn":34},"sourceFileName":"advancedTest.Main.java","id":"3a585a11-9f37-4ad9-80df-b8cb1b462345"},{"type":"extras.Test2","allocatingMethodID":"b54ff813-ce73-4354-9f41-70df14f1e0dc","doopID":"\u003cadvancedTest.Main: extras.Test buz(int,extras.Test,extras.Test2)\u003e/new extras.Test2/0","position":{"startLine":60,"startColumn":27,"endLine":60,"endColumn":36},"sourceFileName":"advancedTest.Main.java","id":"292bca5d-5a9d-4bce-bc6f-11fd565a5a83"},{"type":"extras.Test","allocatingMethodID":"b54ff813-ce73-4354-9f41-70df14f1e0dc","doopID":"\u003cadvancedTest.Main: extras.Test buz(int,extras.Test,extras.Test2)\u003e/new extras.Test/0","position":{"startLine":63,"startColumn":16,"endLine":63,"endColumn":24},"sourceFileName":"advancedTest.Main.java","id":"b9282f29-97b7-4a2b-ac25-c4c126eacfa2"}],"Class":[{"name":"Main","packageName":"advancedTest","isInterface":false,"isEnum":false,"isStatic":false,"isInner":false,"isAnonymous":false,"position":{"startLine":5,"startColumn":8,"endLine":5,"endColumn":12},"sourceFileName":"advancedTest.Main.java","id":"11ed8231-9932-4e73-be0c-b6c6b34c2ee1"}],"MethodInvocation":[{"doopID":"advancedTest.Main.\u003cinit\u003e/java.lang.Object.\u003cinit\u003e/0","invokingMethodID":"38393b46-ffd3-4761-9f3b-3dc738f11305","position":{"startLine":5,"startColumn":8,"endLine":5,"endColumn":14},"sourceFileName":"advancedTest.Main.java","id":"4b8b2d68-6389-482d-bcf2-790ae81aac19"},{"doopID":"advancedTest.Main.main/extras.Test.\u003cinit\u003e/0","invokingMethodID":"f809e3b9-5a8e-49d8-b975-1d923be61acb","position":{"startLine":10,"startColumn":22,"endLine":10,"endColumn":32},"sourceFileName":"advancedTest.Main.java","id":"6d8a590c-16a8-4e04-a0ec-59f6503dc111"},{"doopID":"advancedTest.Main.main/extras.Test2.\u003cinit\u003e/1","invokingMethodID":"f809e3b9-5a8e-49d8-b975-1d923be61acb","position":{"startLine":11,"startColumn":23,"endLine":11,"endColumn":34},"sourceFileName":"advancedTest.Main.java","id":"7351850b-5aa3-4de3-8486-744a86246272"},{"doopID":"advancedTest.Main.main/extras.Test2.\u003cinit\u003e/2","invokingMethodID":"f809e3b9-5a8e-49d8-b975-1d923be61acb","position":{"startLine":12,"startColumn":38,"endLine":12,"endColumn":49},"sourceFileName":"advancedTest.Main.java","id":"1a6be612-4bdd-4847-82e0-ca12a569d7ae"},{"doopID":"advancedTest.Main.main/extras.Test2.\u003cinit\u003e/3","invokingMethodID":"f809e3b9-5a8e-49d8-b975-1d923be61acb","position":{"startLine":12,"startColumn":51,"endLine":12,"endColumn":62},"sourceFileName":"advancedTest.Main.java","id":"52291eb5-7d46-4901-aaf2-71860c74c649"},{"doopID":"advancedTest.Main.main/extras.Test.\u003cinit\u003e/4","invokingMethodID":"f809e3b9-5a8e-49d8-b975-1d923be61acb","position":{"startLine":12,"startColumn":22,"endLine":12,"endColumn":63},"sourceFileName":"advancedTest.Main.java","id":"3de2c405-a576-4644-8fff-54da592b5675"},{"doopID":"advancedTest.Main.main/advancedTest.Main.foo/0","invokingMethodID":"f809e3b9-5a8e-49d8-b975-1d923be61acb","position":{"startLine":13,"startColumn":17,"endLine":13,"endColumn":20},"sourceFileName":"advancedTest.Main.java","id":"b794e2e6-5b8f-49c6-aaaa-7d2c69870dcf"},{"doopID":"advancedTest.Main.main/extras.Test2.\u003cinit\u003e/5","invokingMethodID":"f809e3b9-5a8e-49d8-b975-1d923be61acb","position":{"startLine":14,"startColumn":21,"endLine":14,"endColumn":32},"sourceFileName":"advancedTest.Main.java","id":"4b97c8ff-6d3e-43e5-860e-70656aef9aa1"},{"doopID":"advancedTest.Main.main/extras.Test.speak/0","invokingMethodID":"f809e3b9-5a8e-49d8-b975-1d923be61acb","position":{"startLine":14,"startColumn":15,"endLine":14,"endColumn":20},"sourceFileName":"advancedTest.Main.java","id":"b97c05bb-3cbc-4df9-ae79-c3ccd30c1604"},{"doopID":"advancedTest.Main.main/extras.Test.speak/1","invokingMethodID":"f809e3b9-5a8e-49d8-b975-1d923be61acb","position":{"startLine":15,"startColumn":15,"endLine":15,"endColumn":20},"sourceFileName":"advancedTest.Main.java","id":"8b419b30-6b25-4ff4-ac23-4606cc6ca4de"},{"doopID":"advancedTest.Main.main/advancedTest.Main.foo/1","invokingMethodID":"f809e3b9-5a8e-49d8-b975-1d923be61acb","position":{"startLine":16,"startColumn":22,"endLine":16,"endColumn":25},"sourceFileName":"advancedTest.Main.java","id":"a5c20a9a-231e-46c2-abed-33a6579229fb"},{"doopID":"advancedTest.Main.main/advancedTest.Main.bar/0","invokingMethodID":"f809e3b9-5a8e-49d8-b975-1d923be61acb","position":{"startLine":18,"startColumn":23,"endLine":18,"endColumn":26},"sourceFileName":"advancedTest.Main.java","id":"088425f6-7942-47b9-a923-d25833e69031"},{"doopID":"advancedTest.Main.main/extras.Test2.speak/2","invokingMethodID":"f809e3b9-5a8e-49d8-b975-1d923be61acb","position":{"startLine":19,"startColumn":15,"endLine":19,"endColumn":20},"sourceFileName":"advancedTest.Main.java","id":"7d62277e-22b4-477a-bf0f-588d03a0d81f"},{"doopID":"advancedTest.Main.main/advancedTest.Main.foo/2","invokingMethodID":"f809e3b9-5a8e-49d8-b975-1d923be61acb","position":{"startLine":21,"startColumn":22,"endLine":21,"endColumn":25},"sourceFileName":"advancedTest.Main.java","id":"4dc8fbf8-91c2-420b-a55a-6ed24a57367f"},{"doopID":"advancedTest.Main.main/advancedTest.Main.\u003cinit\u003e/6","invokingMethodID":"f809e3b9-5a8e-49d8-b975-1d923be61acb","position":{"startLine":22,"startColumn":25,"endLine":22,"endColumn":35},"sourceFileName":"advancedTest.Main.java","id":"9687fa17-652f-427c-bea4-4e4e88745788"},{"doopID":"advancedTest.Main.main/advancedTest.Main.\u003cinit\u003e/7","invokingMethodID":"f809e3b9-5a8e-49d8-b975-1d923be61acb","position":{"startLine":24,"startColumn":17,"endLine":24,"endColumn":27},"sourceFileName":"advancedTest.Main.java","id":"9085425f-20ed-45da-981f-7d099080032a"},{"doopID":"advancedTest.Main.main/advancedTest.Main.buz/0","invokingMethodID":"f809e3b9-5a8e-49d8-b975-1d923be61acb","position":{"startLine":24,"startColumn":28,"endLine":24,"endColumn":31},"sourceFileName":"advancedTest.Main.java","id":"babc39ea-afb4-4814-86bf-221bcd15d9c2"},{"doopID":"advancedTest.Main.main/advancedTest.Main.\u003cinit\u003e/8","invokingMethodID":"f809e3b9-5a8e-49d8-b975-1d923be61acb","position":{"startLine":25,"startColumn":33,"endLine":25,"endColumn":43},"sourceFileName":"advancedTest.Main.java","id":"09f09c26-7b16-4007-86e7-5fe818f8709c"},{"doopID":"advancedTest.Main.main/advancedTest.Main.buz/1","invokingMethodID":"f809e3b9-5a8e-49d8-b975-1d923be61acb","position":{"startLine":25,"startColumn":44,"endLine":25,"endColumn":47},"sourceFileName":"advancedTest.Main.java","id":"b959ec5e-04cb-4769-a696-b8ce284a310c"},{"doopID":"advancedTest.Main.main/extras.Test.speak/3","invokingMethodID":"f809e3b9-5a8e-49d8-b975-1d923be61acb","position":{"startLine":26,"startColumn":15,"endLine":26,"endColumn":20},"sourceFileName":"advancedTest.Main.java","id":"60f44e34-8849-44c4-9a57-27f59a092a3b"},{"doopID":"advancedTest.Main.main/advancedTest.Main.\u003cinit\u003e/9","invokingMethodID":"f809e3b9-5a8e-49d8-b975-1d923be61acb","position":{"startLine":27,"startColumn":17,"endLine":27,"endColumn":27},"sourceFileName":"advancedTest.Main.java","id":"484ba33e-b017-478a-8cb5-7e62570a16a7"},{"doopID":"advancedTest.Main.main/advancedTest.Main.buz/2","invokingMethodID":"f809e3b9-5a8e-49d8-b975-1d923be61acb","position":{"startLine":27,"startColumn":28,"endLine":27,"endColumn":31},"sourceFileName":"advancedTest.Main.java","id":"73736d37-8aa7-4196-8b4a-5f7d5784fd52"},{"doopID":"advancedTest.Main.main/advancedTest.Main.foo/3","invokingMethodID":"f809e3b9-5a8e-49d8-b975-1d923be61acb","position":{"startLine":28,"startColumn":17,"endLine":28,"endColumn":20},"sourceFileName":"advancedTest.Main.java","id":"525f7b97-b05a-4059-bd92-220bd20bdbd6"},{"doopID":"advancedTest.Main.main/extras.Test.speak/4","invokingMethodID":"f809e3b9-5a8e-49d8-b975-1d923be61acb","position":{"startLine":29,"startColumn":15,"endLine":29,"endColumn":20},"sourceFileName":"advancedTest.Main.java","id":"40b4d715-6ef7-4b5b-9cb0-1e8a3fd389ae"},{"doopID":"advancedTest.Main.main/advancedTest.Main.\u003cinit\u003e/10","invokingMethodID":"f809e3b9-5a8e-49d8-b975-1d923be61acb","position":{"startLine":31,"startColumn":33,"endLine":31,"endColumn":43},"sourceFileName":"advancedTest.Main.java","id":"10ff35cb-3aa6-4837-9e8b-3df6db0f73b2"},{"doopID":"advancedTest.Main.main/advancedTest.Main.buz/3","invokingMethodID":"f809e3b9-5a8e-49d8-b975-1d923be61acb","position":{"startLine":31,"startColumn":44,"endLine":31,"endColumn":47},"sourceFileName":"advancedTest.Main.java","id":"7332cddb-4696-49b6-8e89-a965b05fc0ad"},{"doopID":"advancedTest.Main.main/advancedTest.Main.\u003cinit\u003e/11","invokingMethodID":"f809e3b9-5a8e-49d8-b975-1d923be61acb","position":{"startLine":32,"startColumn":21,"endLine":32,"endColumn":31},"sourceFileName":"advancedTest.Main.java","id":"2fc0292b-83cb-4a74-8f49-07f4187b52dd"},{"doopID":"advancedTest.Main.main/advancedTest.Main.buz/4","invokingMethodID":"f809e3b9-5a8e-49d8-b975-1d923be61acb","position":{"startLine":33,"startColumn":53,"endLine":33,"endColumn":56},"sourceFileName":"advancedTest.Main.java","id":"e915d117-f24c-433c-80a5-2911b1c2512a"},{"doopID":"\u003cadvancedTest.Main: extras.Test foo()\u003e/extras.Test.\u003cinit\u003e/0","invokingMethodID":"0dbc3fb3-195e-463b-bc6d-91f424e69ca0","position":{"startLine":38,"startColumn":16,"endLine":38,"endColumn":26},"sourceFileName":"advancedTest.Main.java","id":"abf09498-5052-4d46-aa9a-11c05800d448"},{"doopID":"\u003cadvancedTest.Main: extras.Test foo(extras.Test,extras.Test2)\u003e/extras.Test.\u003cinit\u003e/0","invokingMethodID":"03e555af-f259-4f51-aae1-82276f019114","position":{"startLine":42,"startColumn":16,"endLine":42,"endColumn":26},"sourceFileName":"advancedTest.Main.java","id":"f6f0de9f-de07-4ced-aa54-96fa0573e8cb"},{"doopID":"advancedTest.Main.bar/extras.Test2.\u003cinit\u003e/0","invokingMethodID":"c570ae14-d59a-4108-87ee-63ef5257656e","position":{"startLine":47,"startColumn":20,"endLine":47,"endColumn":31},"sourceFileName":"advancedTest.Main.java","id":"9f2986dd-0817-49fe-bbf6-ac45045d262e"},{"doopID":"\u003cadvancedTest.Main: extras.Test buz()\u003e/extras.Test.\u003cinit\u003e/0","invokingMethodID":"18d31a87-7168-45ad-92c8-0025911f51d5","position":{"startLine":53,"startColumn":26,"endLine":53,"endColumn":36},"sourceFileName":"advancedTest.Main.java","id":"242243dd-5554-4278-b7a2-91c3f072d330"},{"doopID":"\u003cadvancedTest.Main: extras.Test buz()\u003e/extras.Test.speak/0","invokingMethodID":"18d31a87-7168-45ad-92c8-0025911f51d5","position":{"startLine":54,"startColumn":19,"endLine":54,"endColumn":24},"sourceFileName":"advancedTest.Main.java","id":"14811390-dd88-4019-bb17-e1c3318caf48"},{"doopID":"\u003cadvancedTest.Main: extras.Test buz(int,extras.Test,extras.Test2)\u003e/extras.Test.speak/0","invokingMethodID":"b54ff813-ce73-4354-9f41-70df14f1e0dc","position":{"startLine":59,"startColumn":11,"endLine":59,"endColumn":16},"sourceFileName":"advancedTest.Main.java","id":"73e06146-919d-4da7-999c-0919c76fa6a3"},{"doopID":"\u003cadvancedTest.Main: extras.Test buz(int,extras.Test,extras.Test2)\u003e/extras.Test2.\u003cinit\u003e/0","invokingMethodID":"b54ff813-ce73-4354-9f41-70df14f1e0dc","position":{"startLine":60,"startColumn":27,"endLine":60,"endColumn":38},"sourceFileName":"advancedTest.Main.java","id":"95567cbb-d069-4d4a-83e2-9da0ef8eb51f"},{"doopID":"\u003cadvancedTest.Main: extras.Test buz(int,extras.Test,extras.Test2)\u003e/extras.Test2.speak/1","invokingMethodID":"b54ff813-ce73-4354-9f41-70df14f1e0dc","position":{"startLine":61,"startColumn":19,"endLine":61,"endColumn":24},"sourceFileName":"advancedTest.Main.java","id":"56caee7a-2a7e-4b33-b3c8-c5ad405b78e5"},{"doopID":"\u003cadvancedTest.Main: extras.Test buz(int,extras.Test,extras.Test2)\u003e/extras.Test2.speak/2","invokingMethodID":"b54ff813-ce73-4354-9f41-70df14f1e0dc","position":{"startLine":62,"startColumn":11,"endLine":62,"endColumn":16},"sourceFileName":"advancedTest.Main.java","id":"6fed470c-ebb4-467a-afdb-77deafebbe83"},{"doopID":"\u003cadvancedTest.Main: extras.Test buz(int,extras.Test,extras.Test2)\u003e/extras.Test.\u003cinit\u003e/1","invokingMethodID":"b54ff813-ce73-4354-9f41-70df14f1e0dc","position":{"startLine":63,"startColumn":16,"endLine":63,"endColumn":26},"sourceFileName":"advancedTest.Main.java","id":"7df61d0e-3935-4c66-b0dc-58650e5d8da9"}],"Method":[{"name":"\u003cinit\u003e","declaringClassID":"11ed8231-9932-4e73-be0c-b6c6b34c2ee1","returnType":"void","doopSignature":"\u003cadvancedTest.Main: void \u003cinit\u003e()\u003e","doopCompactName":"advancedTest.Main.\u003cinit\u003e","params":[],"paramTypes":[],"isStatic":false,"position":{"startLine":5,"startColumn":8,"endLine":5,"endColumn":12},"sourceFileName":"advancedTest.Main.java","id":"38393b46-ffd3-4761-9f3b-3dc738f11305"},{"name":"main","declaringClassID":"11ed8231-9932-4e73-be0c-b6c6b34c2ee1","returnType":"void","doopSignature":"\u003cadvancedTest.Main: void main(java.lang.String[])\u003e","doopCompactName":"advancedTest.Main.main","params":["args"],"paramTypes":["String[]"],"isStatic":true,"position":{"startLine":9,"startColumn":24,"endLine":9,"endColumn":28},"sourceFileName":"advancedTest.Main.java","id":"f809e3b9-5a8e-49d8-b975-1d923be61acb"},{"name":"foo","declaringClassID":"11ed8231-9932-4e73-be0c-b6c6b34c2ee1","returnType":"extras.Test","doopSignature":"\u003cadvancedTest.Main: extras.Test foo()\u003e","doopCompactName":"advancedTest.Main.foo","params":[],"paramTypes":[],"isStatic":true,"position":{"startLine":37,"startColumn":24,"endLine":37,"endColumn":27},"sourceFileName":"advancedTest.Main.java","id":"0dbc3fb3-195e-463b-bc6d-91f424e69ca0"},{"name":"foo","declaringClassID":"11ed8231-9932-4e73-be0c-b6c6b34c2ee1","returnType":"extras.Test","doopSignature":"\u003cadvancedTest.Main: extras.Test foo(extras.Test,extras.Test2)\u003e","doopCompactName":"advancedTest.Main.foo","params":["test","test2"],"paramTypes":["Test","Test2"],"isStatic":true,"position":{"startLine":41,"startColumn":24,"endLine":41,"endColumn":27},"sourceFileName":"advancedTest.Main.java","id":"03e555af-f259-4f51-aae1-82276f019114"},{"name":"bar","declaringClassID":"11ed8231-9932-4e73-be0c-b6c6b34c2ee1","returnType":"extras.Test2","doopSignature":"\u003cadvancedTest.Main: extras.Test2 bar(extras.Test2)\u003e","doopCompactName":"advancedTest.Main.bar","params":["arg"],"paramTypes":["Test2"],"isStatic":true,"position":{"startLine":45,"startColumn":25,"endLine":45,"endColumn":28},"sourceFileName":"advancedTest.Main.java","id":"c570ae14-d59a-4108-87ee-63ef5257656e"},{"name":"buz","declaringClassID":"11ed8231-9932-4e73-be0c-b6c6b34c2ee1","returnType":"extras.Test","doopSignature":"\u003cadvancedTest.Main: extras.Test buz()\u003e","doopCompactName":"advancedTest.Main.buz","params":[],"paramTypes":[],"isStatic":false,"position":{"startLine":52,"startColumn":17,"endLine":52,"endColumn":20},"sourceFileName":"advancedTest.Main.java","id":"18d31a87-7168-45ad-92c8-0025911f51d5"},{"name":"buz","declaringClassID":"11ed8231-9932-4e73-be0c-b6c6b34c2ee1","returnType":"extras.Test","doopSignature":"\u003cadvancedTest.Main: extras.Test buz(int,extras.Test,extras.Test2)\u003e","doopCompactName":"advancedTest.Main.buz","params":["a","b","c"],"paramTypes":["int","Test","Test2"],"isStatic":false,"position":{"startLine":58,"startColumn":17,"endLine":58,"endColumn":20},"sourceFileName":"advancedTest.Main.java","id":"b54ff813-ce73-4354-9f41-70df14f1e0dc"}],"Occurrence":[{"symbolID":"bf63e2a2-2c4e-4d2c-b0c1-fc46de364f9c","occurrenceType":"READ","position":{"startLine":11,"startColumn":9,"endLine":11,"endColumn":14},"sourceFileName":"advancedTest.Main.java","id":"968bedd3-a23c-443c-a644-dfe663761977"},{"symbolID":"bf63e2a2-2c4e-4d2c-b0c1-fc46de364f9c","occurrenceType":"READ","position":{"startLine":12,"startColumn":31,"endLine":12,"endColumn":36},"sourceFileName":"advancedTest.Main.java","id":"3e2961a6-518f-4514-adab-27e00887978c"},{"symbolID":"bf63e2a2-2c4e-4d2c-b0c1-fc46de364f9c","occurrenceType":"WRITE","position":{"startLine":13,"startColumn":9,"endLine":13,"endColumn":14},"sourceFileName":"advancedTest.Main.java","id":"225cacc7-cad0-4d8f-b2a1-8099e91a960e"},{"symbolID":"bf63e2a2-2c4e-4d2c-b0c1-fc46de364f9c","occurrenceType":"READ","position":{"startLine":15,"startColumn":21,"endLine":15,"endColumn":26},"sourceFileName":"advancedTest.Main.java","id":"beb66389-ac97-45c2-a866-6958873a7f02"},{"symbolID":"63a8ec8f-b0bf-40a8-b33d-b4307fcead8f","occurrenceType":"WRITE","position":{"startLine":16,"startColumn":9,"endLine":16,"endColumn":19},"sourceFileName":"advancedTest.Main.java","id":"83db226b-da8b-4240-8194-0028b3fa9789"},{"symbolID":"bf63e2a2-2c4e-4d2c-b0c1-fc46de364f9c","occurrenceType":"READ","position":{"startLine":18,"startColumn":27,"endLine":18,"endColumn":32},"sourceFileName":"advancedTest.Main.java","id":"06f1fd25-3c84-4093-af38-7127a2851f65"},{"symbolID":"63a8ec8f-b0bf-40a8-b33d-b4307fcead8f","occurrenceType":"WRITE","position":{"startLine":21,"startColumn":9,"endLine":21,"endColumn":19},"sourceFileName":"advancedTest.Main.java","id":"d341adfb-1285-483d-8070-6e7e667b7dec"},{"symbolID":"bf63e2a2-2c4e-4d2c-b0c1-fc46de364f9c","occurrenceType":"WRITE","position":{"startLine":24,"startColumn":9,"endLine":24,"endColumn":14},"sourceFileName":"advancedTest.Main.java","id":"02a64f41-9f29-4daa-b8bf-54c0898c1c2f"},{"symbolID":"39f8d46b-3ad4-4b04-b76f-aff9659c2523","occurrenceType":"READ","position":{"startLine":24,"startColumn":32,"endLine":24,"endColumn":33},"sourceFileName":"advancedTest.Main.java","id":"05a97a76-2dee-43e5-98e1-a55d3dbcdc2d"},{"symbolID":"cd45d814-58ba-4274-aecd-6cffc673431b","occurrenceType":"READ","position":{"startLine":24,"startColumn":35,"endLine":24,"endColumn":40},"sourceFileName":"advancedTest.Main.java","id":"fdcaf34e-3afd-40d8-a67b-80894a05be91"},{"symbolID":"3e532985-4715-4061-a4c6-3ca2aad06219","occurrenceType":"READ","position":{"startLine":24,"startColumn":42,"endLine":24,"endColumn":47},"sourceFileName":"advancedTest.Main.java","id":"761c8dae-f420-4b0a-b39d-950d164562d6"},{"symbolID":"b09948f9-d1bc-4558-9a47-795d12cd38f9","occurrenceType":"READ","position":{"startLine":25,"startColumn":9,"endLine":25,"endColumn":17},"sourceFileName":"advancedTest.Main.java","id":"13b2c6e1-9bd1-48d1-9fd9-46e67838513d"},{"symbolID":"bf63e2a2-2c4e-4d2c-b0c1-fc46de364f9c","occurrenceType":"WRITE","position":{"startLine":27,"startColumn":9,"endLine":27,"endColumn":14},"sourceFileName":"advancedTest.Main.java","id":"12e6040d-00df-4512-aade-5744f6c6408d"},{"symbolID":"bf63e2a2-2c4e-4d2c-b0c1-fc46de364f9c","occurrenceType":"WRITE","position":{"startLine":28,"startColumn":9,"endLine":28,"endColumn":14},"sourceFileName":"advancedTest.Main.java","id":"08b15e26-e9b9-4734-9eef-04cb8bb93104"},{"symbolID":"bf63e2a2-2c4e-4d2c-b0c1-fc46de364f9c","occurrenceType":"READ","position":{"startLine":28,"startColumn":21,"endLine":28,"endColumn":26},"sourceFileName":"advancedTest.Main.java","id":"3a4b2215-a499-40bc-9c78-e5dc00038160"},{"symbolID":"3e532985-4715-4061-a4c6-3ca2aad06219","occurrenceType":"READ","position":{"startLine":28,"startColumn":28,"endLine":28,"endColumn":33},"sourceFileName":"advancedTest.Main.java","id":"b9a4d828-f86c-4e10-8d56-5327949b0f9e"},{"symbolID":"bf63e2a2-2c4e-4d2c-b0c1-fc46de364f9c","occurrenceType":"READ","position":{"startLine":29,"startColumn":21,"endLine":29,"endColumn":26},"sourceFileName":"advancedTest.Main.java","id":"acb10f80-a9eb-4948-9ef4-01964c8354df"},{"symbolID":"b09948f9-d1bc-4558-9a47-795d12cd38f9","occurrenceType":"READ","position":{"startLine":31,"startColumn":9,"endLine":31,"endColumn":17},"sourceFileName":"advancedTest.Main.java","id":"13d89053-473b-48c9-b0f0-36974be01808"},{"symbolID":"39f8d46b-3ad4-4b04-b76f-aff9659c2523","occurrenceType":"READ","position":{"startLine":31,"startColumn":48,"endLine":31,"endColumn":49},"sourceFileName":"advancedTest.Main.java","id":"55d9e8b3-c3bd-496d-a39e-1161e0eedca1"},{"symbolID":"cd45d814-58ba-4274-aecd-6cffc673431b","occurrenceType":"READ","position":{"startLine":31,"startColumn":51,"endLine":31,"endColumn":56},"sourceFileName":"advancedTest.Main.java","id":"0f553b14-fcf2-4d86-8497-1cf12f2bc7b7"},{"symbolID":"3e532985-4715-4061-a4c6-3ca2aad06219","occurrenceType":"READ","position":{"startLine":31,"startColumn":58,"endLine":31,"endColumn":63},"sourceFileName":"advancedTest.Main.java","id":"2b762d8e-2870-420f-8dc4-8d1919887847"},{"symbolID":"b09948f9-d1bc-4558-9a47-795d12cd38f9","occurrenceType":"READ","position":{"startLine":33,"startColumn":9,"endLine":33,"endColumn":17},"sourceFileName":"advancedTest.Main.java","id":"b99f511c-646d-4f6b-903a-fde39af2795b"},{"symbolID":"bf63e2a2-2c4e-4d2c-b0c1-fc46de364f9c","occurrenceType":"READ","position":{"startLine":14,"startColumn":9,"endLine":14,"endColumn":14},"sourceFileName":"advancedTest.Main.java","id":"88ca3205-22b8-4189-ae38-35c5db67f8ac"},{"symbolID":"cd45d814-58ba-4274-aecd-6cffc673431b","occurrenceType":"READ","position":{"startLine":15,"startColumn":9,"endLine":15,"endColumn":14},"sourceFileName":"advancedTest.Main.java","id":"9b3511f2-268c-46fd-8003-687bbdbf9d7b"},{"symbolID":"bf63e2a2-2c4e-4d2c-b0c1-fc46de364f9c","occurrenceType":"READ","position":{"startLine":15,"startColumn":21,"endLine":15,"endColumn":26},"sourceFileName":"advancedTest.Main.java","id":"64bfa41a-6382-488f-b48b-2125c38d0ada"},{"symbolID":"bf63e2a2-2c4e-4d2c-b0c1-fc46de364f9c","occurrenceType":"READ","position":{"startLine":18,"startColumn":27,"endLine":18,"endColumn":32},"sourceFileName":"advancedTest.Main.java","id":"16f8ff36-5a92-4eb3-8b60-5a184ac2a430"},{"symbolID":"3e532985-4715-4061-a4c6-3ca2aad06219","occurrenceType":"READ","position":{"startLine":19,"startColumn":9,"endLine":19,"endColumn":14},"sourceFileName":"advancedTest.Main.java","id":"81290b0a-e591-4f72-8953-9b1ec28f40b6"},{"symbolID":"39f8d46b-3ad4-4b04-b76f-aff9659c2523","occurrenceType":"READ","position":{"startLine":24,"startColumn":32,"endLine":24,"endColumn":33},"sourceFileName":"advancedTest.Main.java","id":"79c915e7-a639-4f6b-9906-b20febba0ffa"},{"symbolID":"cd45d814-58ba-4274-aecd-6cffc673431b","occurrenceType":"READ","position":{"startLine":24,"startColumn":35,"endLine":24,"endColumn":40},"sourceFileName":"advancedTest.Main.java","id":"b7bb7dac-8aad-46b9-b6a4-364b33ec792f"},{"symbolID":"3e532985-4715-4061-a4c6-3ca2aad06219","occurrenceType":"READ","position":{"startLine":24,"startColumn":42,"endLine":24,"endColumn":47},"sourceFileName":"advancedTest.Main.java","id":"df7cd4e1-8384-410e-92d7-8551bbdc3a70"},{"symbolID":"bf63e2a2-2c4e-4d2c-b0c1-fc46de364f9c","occurrenceType":"READ","position":{"startLine":26,"startColumn":9,"endLine":26,"endColumn":14},"sourceFileName":"advancedTest.Main.java","id":"1b06e182-1f7c-4a94-8828-b426f6038a19"},{"symbolID":"bf63e2a2-2c4e-4d2c-b0c1-fc46de364f9c","occurrenceType":"READ","position":{"startLine":28,"startColumn":21,"endLine":28,"endColumn":26},"sourceFileName":"advancedTest.Main.java","id":"46c332fb-1e0f-41cb-a621-5d800cbeb6cd"},{"symbolID":"3e532985-4715-4061-a4c6-3ca2aad06219","occurrenceType":"READ","position":{"startLine":28,"startColumn":28,"endLine":28,"endColumn":33},"sourceFileName":"advancedTest.Main.java","id":"7bb18b2b-a751-4487-9380-188badbc8293"},{"symbolID":"bf63e2a2-2c4e-4d2c-b0c1-fc46de364f9c","occurrenceType":"READ","position":{"startLine":29,"startColumn":9,"endLine":29,"endColumn":14},"sourceFileName":"advancedTest.Main.java","id":"695e238f-2e25-4885-a913-b69fbef1638f"},{"symbolID":"bf63e2a2-2c4e-4d2c-b0c1-fc46de364f9c","occurrenceType":"READ","position":{"startLine":29,"startColumn":21,"endLine":29,"endColumn":26},"sourceFileName":"advancedTest.Main.java","id":"5f0b4834-f353-498f-837c-da098ec2ba8e"},{"symbolID":"39f8d46b-3ad4-4b04-b76f-aff9659c2523","occurrenceType":"READ","position":{"startLine":31,"startColumn":48,"endLine":31,"endColumn":49},"sourceFileName":"advancedTest.Main.java","id":"27f7997e-34f5-44e2-b808-f78779b59471"},{"symbolID":"cd45d814-58ba-4274-aecd-6cffc673431b","occurrenceType":"READ","position":{"startLine":31,"startColumn":51,"endLine":31,"endColumn":56},"sourceFileName":"advancedTest.Main.java","id":"6b28b9aa-15f0-41a8-b46b-46c9dc5e597c"},{"symbolID":"3e532985-4715-4061-a4c6-3ca2aad06219","occurrenceType":"READ","position":{"startLine":31,"startColumn":58,"endLine":31,"endColumn":63},"sourceFileName":"advancedTest.Main.java","id":"0652dce2-58ba-4579-ac62-4cbeb096d1e6"},{"symbolID":"cde881b6-b78f-4ea9-8482-f0e36c20b0e4","occurrenceType":"READ","position":{"startLine":33,"startColumn":48,"endLine":33,"endColumn":52},"sourceFileName":"advancedTest.Main.java","id":"2684f79c-47cf-459a-a439-75e74efa19e8"},{"symbolID":"6cd834d1-00ff-4329-8415-1e877fd08c6d","occurrenceType":"READ","position":{"startLine":46,"startColumn":13,"endLine":46,"endColumn":16},"sourceFileName":"advancedTest.Main.java","id":"2a3df80e-4a82-4746-9065-1bd1641cc54a"},{"symbolID":"6cd834d1-00ff-4329-8415-1e877fd08c6d","occurrenceType":"READ","position":{"startLine":46,"startColumn":13,"endLine":46,"endColumn":16},"sourceFileName":"advancedTest.Main.java","id":"3a15fde6-6305-4056-b249-0dd8d4c700a6"},{"symbolID":"6cd834d1-00ff-4329-8415-1e877fd08c6d","occurrenceType":"READ","position":{"startLine":49,"startColumn":20,"endLine":49,"endColumn":23},"sourceFileName":"advancedTest.Main.java","id":"e8016985-2c34-4ddc-b04c-1407315c2783"},{"symbolID":"7e476825-f4ff-43b1-8416-d7e46902228d","occurrenceType":"READ","position":{"startLine":55,"startColumn":16,"endLine":55,"endColumn":25},"sourceFileName":"advancedTest.Main.java","id":"0dc4df25-b7f2-4542-876a-e2989f741851"},{"symbolID":"7e476825-f4ff-43b1-8416-d7e46902228d","occurrenceType":"READ","position":{"startLine":54,"startColumn":9,"endLine":54,"endColumn":18},"sourceFileName":"advancedTest.Main.java","id":"29cbfb34-539a-493e-93e9-6703a9208352"},{"symbolID":"78969a68-95e4-4bd5-8e86-b984fc5d774d","occurrenceType":"READ","position":{"startLine":59,"startColumn":17,"endLine":59,"endColumn":18},"sourceFileName":"advancedTest.Main.java","id":"6d21a607-3a78-4c2c-96f8-62c6728151fb"},{"symbolID":"5e1ac532-0fc8-4c7b-855f-af1d12dadcf3","occurrenceType":"READ","position":{"startLine":59,"startColumn":9,"endLine":59,"endColumn":10},"sourceFileName":"advancedTest.Main.java","id":"cab27527-245c-4d2a-9254-8099f7322163"},{"symbolID":"78969a68-95e4-4bd5-8e86-b984fc5d774d","occurrenceType":"READ","position":{"startLine":59,"startColumn":17,"endLine":59,"endColumn":18},"sourceFileName":"advancedTest.Main.java","id":"0e1b2582-d835-4ea4-9918-3564d54c7581"},{"symbolID":"b5b46e65-2e22-4ddf-9e71-0c0267d53465","occurrenceType":"READ","position":{"startLine":61,"startColumn":9,"endLine":61,"endColumn":18},"sourceFileName":"advancedTest.Main.java","id":"9372f557-ced7-4d0d-bcb2-912ead4587f5"},{"symbolID":"78969a68-95e4-4bd5-8e86-b984fc5d774d","occurrenceType":"READ","position":{"startLine":62,"startColumn":9,"endLine":62,"endColumn":10},"sourceFileName":"advancedTest.Main.java","id":"d76c7abc-105d-430d-93d9-b3052c2a11a7"}]}