{"Field":[],"Variable":[{"name":"args","doopName":"advancedTest.Main.main/args","type":"java.lang.String[]","declaringMethodID":"e3144db1-9df1-4028-8c05-d3151a2d0fb6","isLocal":false,"isParameter":true,"id":"aa584348-db41-487f-8ed5-ffbd40059f3c","position":{"startLine":7,"startColumn":38,"endLine":7,"endColumn":42},"sourceFileName":"../advancedTest/src/main/java/advancedTest/Main.java"},{"name":"test1","doopName":"advancedTest.Main.main/test1","type":"extras.Test","declaringMethodID":"e3144db1-9df1-4028-8c05-d3151a2d0fb6","isLocal":true,"isParameter":false,"id":"c06295ca-2152-4e8d-8e3d-499aa9aa4095","position":{"startLine":8,"startColumn":14,"endLine":8,"endColumn":19},"sourceFileName":"../advancedTest/src/main/java/advancedTest/Main.java"},{"name":"test3","doopName":"advancedTest.Main.main/test3","type":"extras.Test","declaringMethodID":"e3144db1-9df1-4028-8c05-d3151a2d0fb6","isLocal":true,"isParameter":false,"id":"7c3cdf4e-f8ae-4eea-ab3d-1a4ba7c3f5e3","position":{"startLine":10,"startColumn":14,"endLine":10,"endColumn":19},"sourceFileName":"../advancedTest/src/main/java/advancedTest/Main.java"},{"name":"test2","doopName":"advancedTest.Main.main/test2","type":"extras.Test2","declaringMethodID":"e3144db1-9df1-4028-8c05-d3151a2d0fb6","isLocal":true,"isParameter":false,"id":"f0d8fe36-7f01-42ee-8d3d-f864c98ad680","position":{"startLine":15,"startColumn":15,"endLine":15,"endColumn":20},"sourceFileName":"../advancedTest/src/main/java/advancedTest/Main.java"},{"name":"a","doopName":"advancedTest.Main.main/a","type":"int","declaringMethodID":"e3144db1-9df1-4028-8c05-d3151a2d0fb6","isLocal":true,"isParameter":false,"id":"4aa7267d-d947-4c14-8dd2-96ad224a8d98","position":{"startLine":17,"startColumn":13,"endLine":17,"endColumn":14},"sourceFileName":"../advancedTest/src/main/java/advancedTest/Main.java"},{"name":"test","doopName":"\u003cadvancedTest.Main: extras.Test foo(extras.Test,extras.Test2)\u003e/test","type":"extras.Test","declaringMethodID":"60687522-5ec5-42fc-8a13-167025a8c947","isLocal":false,"isParameter":true,"id":"10f9f994-911b-4111-8ad2-f6bbb60d1dec","position":{"startLine":30,"startColumn":33,"endLine":30,"endColumn":37},"sourceFileName":"../advancedTest/src/main/java/advancedTest/Main.java"},{"name":"test2","doopName":"\u003cadvancedTest.Main: extras.Test foo(extras.Test,extras.Test2)\u003e/test2","type":"extras.Test2","declaringMethodID":"60687522-5ec5-42fc-8a13-167025a8c947","isLocal":false,"isParameter":true,"id":"041518ef-7a18-42dc-b1ff-fbc318d4d4db","position":{"startLine":30,"startColumn":45,"endLine":30,"endColumn":50},"sourceFileName":"../advancedTest/src/main/java/advancedTest/Main.java"},{"name":"arg","doopName":"advancedTest.Main.bar/arg","type":"extras.Test2","declaringMethodID":"957ae0f2-3efb-4099-9eec-49de5864ecab","isLocal":false,"isParameter":true,"id":"b1580649-ef1d-4ed0-bdd2-6a6fb2d4d41a","position":{"startLine":34,"startColumn":35,"endLine":34,"endColumn":38},"sourceFileName":"../advancedTest/src/main/java/advancedTest/Main.java"},{"name":"localTest","doopName":"\u003cadvancedTest.Main: extras.Test buz()\u003e/localTest","type":"extras.Test","declaringMethodID":"9ea5405d-85ef-4a43-b441-58c9040f51fb","isLocal":true,"isParameter":false,"id":"836138f4-7458-45b0-b133-443dec2ed34d","position":{"startLine":42,"startColumn":14,"endLine":42,"endColumn":23},"sourceFileName":"../advancedTest/src/main/java/advancedTest/Main.java"},{"name":"a","doopName":"\u003cadvancedTest.Main: extras.Test buz(int,extras.Test,extras.Test2)\u003e/a","type":"int","declaringMethodID":"33e92f36-824b-4302-8211-04008cbc0dfb","isLocal":false,"isParameter":true,"id":"e9bed7e4-57fa-4fdd-989a-63f8c1162b14","position":{"startLine":47,"startColumn":25,"endLine":47,"endColumn":26},"sourceFileName":"../advancedTest/src/main/java/advancedTest/Main.java"},{"name":"b","doopName":"\u003cadvancedTest.Main: extras.Test buz(int,extras.Test,extras.Test2)\u003e/b","type":"extras.Test","declaringMethodID":"33e92f36-824b-4302-8211-04008cbc0dfb","isLocal":false,"isParameter":true,"id":"8ba24ea6-1d39-48ef-9dc5-7ccb90753f11","position":{"startLine":47,"startColumn":33,"endLine":47,"endColumn":34},"sourceFileName":"../advancedTest/src/main/java/advancedTest/Main.java"},{"name":"c","doopName":"\u003cadvancedTest.Main: extras.Test buz(int,extras.Test,extras.Test2)\u003e/c","type":"extras.Test2","declaringMethodID":"33e92f36-824b-4302-8211-04008cbc0dfb","isLocal":false,"isParameter":true,"id":"d4acc0ba-ea2d-465d-93fe-19127a9c1cd9","position":{"startLine":47,"startColumn":42,"endLine":47,"endColumn":43},"sourceFileName":"../advancedTest/src/main/java/advancedTest/Main.java"},{"name":"localTest","doopName":"\u003cadvancedTest.Main: extras.Test buz(int,extras.Test,extras.Test2)\u003e/localTest","type":"extras.Test2","declaringMethodID":"33e92f36-824b-4302-8211-04008cbc0dfb","isLocal":true,"isParameter":false,"id":"9ba38fc0-daae-4517-907f-ca0260046323","position":{"startLine":49,"startColumn":15,"endLine":49,"endColumn":24},"sourceFileName":"../advancedTest/src/main/java/advancedTest/Main.java"}],"HeapAllocation":[{"type":"extras.Test","allocatingMethodID":"e3144db1-9df1-4028-8c05-d3151a2d0fb6","doopID":"advancedTest.Main.main/new extras.Test/0","id":"ec413e08-ad41-4e2d-b0a6-1592a467c669","position":{"startLine":8,"startColumn":26,"endLine":8,"endColumn":30},"sourceFileName":"../advancedTest/src/main/java/advancedTest/Main.java"},{"type":"extras.Test2","allocatingMethodID":"e3144db1-9df1-4028-8c05-d3151a2d0fb6","doopID":"advancedTest.Main.main/new extras.Test2/0","id":"756db465-b8d0-4315-b241-0c0727cc632c","position":{"startLine":9,"startColumn":27,"endLine":9,"endColumn":32},"sourceFileName":"../advancedTest/src/main/java/advancedTest/Main.java"},{"type":"extras.Test2","allocatingMethodID":"e3144db1-9df1-4028-8c05-d3151a2d0fb6","doopID":"advancedTest.Main.main/new extras.Test2/1","id":"a33a6091-4b07-47f4-8687-38baf263dc0d","position":{"startLine":10,"startColumn":42,"endLine":10,"endColumn":47},"sourceFileName":"../advancedTest/src/main/java/advancedTest/Main.java"},{"type":"extras.Test2","allocatingMethodID":"e3144db1-9df1-4028-8c05-d3151a2d0fb6","doopID":"advancedTest.Main.main/new extras.Test2/2","id":"1508759c-6984-444f-8659-5ca921db885c","position":{"startLine":10,"startColumn":55,"endLine":10,"endColumn":60},"sourceFileName":"../advancedTest/src/main/java/advancedTest/Main.java"},{"type":"extras.Test","allocatingMethodID":"e3144db1-9df1-4028-8c05-d3151a2d0fb6","doopID":"advancedTest.Main.main/new extras.Test/1","id":"ba1be7f5-3b42-46e5-9b54-fcddc6d43bbb","position":{"startLine":10,"startColumn":26,"endLine":10,"endColumn":30},"sourceFileName":"../advancedTest/src/main/java/advancedTest/Main.java"},{"type":"extras.Test2","allocatingMethodID":"e3144db1-9df1-4028-8c05-d3151a2d0fb6","doopID":"advancedTest.Main.main/new extras.Test2/3","id":"d53b4f56-becd-40de-a0fe-4eee1f74db06","position":{"startLine":12,"startColumn":25,"endLine":12,"endColumn":30},"sourceFileName":"../advancedTest/src/main/java/advancedTest/Main.java"},{"type":"advancedTest.Main","allocatingMethodID":"e3144db1-9df1-4028-8c05-d3151a2d0fb6","doopID":"advancedTest.Main.main/new advancedTest.Main/0","id":"760ea8fd-0cdf-4f4f-8573-9fd8ef5afd30","position":{"startLine":18,"startColumn":21,"endLine":18,"endColumn":25},"sourceFileName":"../advancedTest/src/main/java/advancedTest/Main.java"},{"type":"advancedTest.Main","allocatingMethodID":"e3144db1-9df1-4028-8c05-d3151a2d0fb6","doopID":"advancedTest.Main.main/new advancedTest.Main/1","id":"d2704bcd-f157-4d38-9cdb-13c9e554aec6","position":{"startLine":20,"startColumn":21,"endLine":20,"endColumn":25},"sourceFileName":"../advancedTest/src/main/java/advancedTest/Main.java"},{"type":"extras.Test","allocatingMethodID":"b64998fe-7188-4286-aa78-17b05a0dfd1b","doopID":"\u003cadvancedTest.Main: extras.Test foo()\u003e/new extras.Test/0","id":"05d4b6f5-5893-4c68-9a41-99edc256f6ff","position":{"startLine":27,"startColumn":20,"endLine":27,"endColumn":24},"sourceFileName":"../advancedTest/src/main/java/advancedTest/Main.java"},{"type":"extras.Test","allocatingMethodID":"60687522-5ec5-42fc-8a13-167025a8c947","doopID":"\u003cadvancedTest.Main: extras.Test foo(extras.Test,extras.Test2)\u003e/new extras.Test/0","id":"c1fdba21-0d66-48cd-b896-678ac80c384f","position":{"startLine":31,"startColumn":20,"endLine":31,"endColumn":24},"sourceFileName":"../advancedTest/src/main/java/advancedTest/Main.java"},{"type":"extras.Test2","allocatingMethodID":"957ae0f2-3efb-4099-9eec-49de5864ecab","doopID":"advancedTest.Main.bar/new extras.Test2/0","id":"1a228aa7-4da7-47ef-aba8-e7f85537d977","position":{"startLine":36,"startColumn":24,"endLine":36,"endColumn":29},"sourceFileName":"../advancedTest/src/main/java/advancedTest/Main.java"},{"type":"extras.Test","allocatingMethodID":"9ea5405d-85ef-4a43-b441-58c9040f51fb","doopID":"\u003cadvancedTest.Main: extras.Test buz()\u003e/new extras.Test/0","id":"e37cd6b3-ad01-4fd5-950c-7be8a0842146","position":{"startLine":42,"startColumn":30,"endLine":42,"endColumn":34},"sourceFileName":"../advancedTest/src/main/java/advancedTest/Main.java"},{"type":"extras.Test2","allocatingMethodID":"33e92f36-824b-4302-8211-04008cbc0dfb","doopID":"\u003cadvancedTest.Main: extras.Test buz(int,extras.Test,extras.Test2)\u003e/new extras.Test2/0","id":"8829dfb8-6c06-45bd-aad8-8d29d2c6443d","position":{"startLine":49,"startColumn":31,"endLine":49,"endColumn":36},"sourceFileName":"../advancedTest/src/main/java/advancedTest/Main.java"},{"type":"extras.Test","allocatingMethodID":"33e92f36-824b-4302-8211-04008cbc0dfb","doopID":"\u003cadvancedTest.Main: extras.Test buz(int,extras.Test,extras.Test2)\u003e/new extras.Test/0","id":"5aefa5c1-5cb8-4bd4-87d8-b4b55ff3c896","position":{"startLine":52,"startColumn":20,"endLine":52,"endColumn":24},"sourceFileName":"../advancedTest/src/main/java/advancedTest/Main.java"}],"Class":[{"name":"advancedTest.Main","packageName":"advancedTest","isInterface":false,"isEnum":false,"isStatic":false,"isInner":false,"isAnonymous":false,"id":"303b1d47-85b0-44e6-9323-950f65d30b18","position":{"startLine":5,"startColumn":8,"endLine":5,"endColumn":4},"sourceFileName":"../advancedTest/src/main/java/advancedTest/Main.java"}],"MethodInvocation":[{"doopID":"advancedTest.Main.\u003cinit\u003e/java.lang.Object.\u003cinit\u003e/0","invokingMethodID":"ba11c6ca-02ae-42a9-be4b-5278d67f1662","id":"31acc0dc-43c1-4c10-958d-1382caf7e4a5","position":{"startLine":5,"startColumn":8,"endLine":5,"endColumn":5},"sourceFileName":"../advancedTest/src/main/java/advancedTest/Main.java"},{"doopID":"advancedTest.Main.main/extras.Test.\u003cinit\u003e/0","invokingMethodID":"e3144db1-9df1-4028-8c05-d3151a2d0fb6","id":"1f7e8da5-6912-40b0-97fd-65520d047725","position":{"startLine":8,"startColumn":22,"endLine":8,"endColumn":12},"sourceFileName":"../advancedTest/src/main/java/advancedTest/Main.java"},{"doopID":"advancedTest.Main.main/extras.Test2.\u003cinit\u003e/1","invokingMethodID":"e3144db1-9df1-4028-8c05-d3151a2d0fb6","id":"29baf92c-de09-4043-ab4f-fb396518b93c","position":{"startLine":9,"startColumn":23,"endLine":9,"endColumn":14},"sourceFileName":"../advancedTest/src/main/java/advancedTest/Main.java"},{"doopID":"advancedTest.Main.main/extras.Test2.\u003cinit\u003e/2","invokingMethodID":"e3144db1-9df1-4028-8c05-d3151a2d0fb6","id":"058bb111-044c-4dd9-9d45-564575c38c86","position":{"startLine":10,"startColumn":38,"endLine":10,"endColumn":15},"sourceFileName":"../advancedTest/src/main/java/advancedTest/Main.java"},{"doopID":"advancedTest.Main.main/extras.Test2.\u003cinit\u003e/3","invokingMethodID":"e3144db1-9df1-4028-8c05-d3151a2d0fb6","id":"918e77b1-603a-4d4d-a717-ca97e6f98646","position":{"startLine":10,"startColumn":51,"endLine":10,"endColumn":15},"sourceFileName":"../advancedTest/src/main/java/advancedTest/Main.java"},{"doopID":"advancedTest.Main.main/extras.Test.\u003cinit\u003e/4","invokingMethodID":"e3144db1-9df1-4028-8c05-d3151a2d0fb6","id":"af9775bd-2062-4d6c-ac24-0a41db483443","position":{"startLine":10,"startColumn":22,"endLine":10,"endColumn":14},"sourceFileName":"../advancedTest/src/main/java/advancedTest/Main.java"},{"doopID":"advancedTest.Main.main/advancedTest.Main.foo/0","invokingMethodID":"e3144db1-9df1-4028-8c05-d3151a2d0fb6","id":"b392cd4d-4838-4fc0-8b00-4ff5e82e049e","position":{"startLine":11,"startColumn":17,"endLine":11,"endColumn":11},"sourceFileName":"../advancedTest/src/main/java/advancedTest/Main.java"},{"doopID":"advancedTest.Main.main/extras.Test2.\u003cinit\u003e/5","invokingMethodID":"e3144db1-9df1-4028-8c05-d3151a2d0fb6","id":"b5a9b574-14d2-4485-a56c-a6b3058500c0","position":{"startLine":12,"startColumn":21,"endLine":12,"endColumn":17},"sourceFileName":"../advancedTest/src/main/java/advancedTest/Main.java"},{"doopID":"advancedTest.Main.main/extras.Test.speak/0","invokingMethodID":"e3144db1-9df1-4028-8c05-d3151a2d0fb6","id":"d0e812dc-9e03-45b4-8e85-253530254f25","position":{"startLine":12,"startColumn":15,"endLine":12,"endColumn":12},"sourceFileName":"../advancedTest/src/main/java/advancedTest/Main.java"},{"doopID":"advancedTest.Main.main/extras.Test.speak/1","invokingMethodID":"e3144db1-9df1-4028-8c05-d3151a2d0fb6","id":"2e273f35-6769-4370-aff9-f2abb3998d77","position":{"startLine":13,"startColumn":15,"endLine":13,"endColumn":13},"sourceFileName":"../advancedTest/src/main/java/advancedTest/Main.java"},{"doopID":"advancedTest.Main.main/advancedTest.Main.bar/0","invokingMethodID":"e3144db1-9df1-4028-8c05-d3151a2d0fb6","id":"42c5231a-776c-4ac6-be40-91d109003d54","position":{"startLine":15,"startColumn":23,"endLine":15,"endColumn":15},"sourceFileName":"../advancedTest/src/main/java/advancedTest/Main.java"},{"doopID":"advancedTest.Main.main/extras.Test2.speak/2","invokingMethodID":"e3144db1-9df1-4028-8c05-d3151a2d0fb6","id":"64ae56f8-a05e-47b2-b4f1-fd0c9daf8a98","position":{"startLine":16,"startColumn":15,"endLine":16,"endColumn":16},"sourceFileName":"../advancedTest/src/main/java/advancedTest/Main.java"},{"doopID":"advancedTest.Main.main/advancedTest.Main.\u003cinit\u003e/6","invokingMethodID":"e3144db1-9df1-4028-8c05-d3151a2d0fb6","id":"6d7e3f53-bd04-4b0b-96e0-37c7ef3c76b1","position":{"startLine":18,"startColumn":17,"endLine":18,"endColumn":22},"sourceFileName":"../advancedTest/src/main/java/advancedTest/Main.java"},{"doopID":"advancedTest.Main.main/advancedTest.Main.buz/0","invokingMethodID":"e3144db1-9df1-4028-8c05-d3151a2d0fb6","id":"e5fce212-3c33-44b5-93bf-514528f1e9bc","position":{"startLine":18,"startColumn":28,"endLine":18,"endColumn":18},"sourceFileName":"../advancedTest/src/main/java/advancedTest/Main.java"},{"doopID":"advancedTest.Main.main/extras.Test.speak/3","invokingMethodID":"e3144db1-9df1-4028-8c05-d3151a2d0fb6","id":"364e51f3-e944-4e75-8807-91db74b99749","position":{"startLine":19,"startColumn":15,"endLine":19,"endColumn":19},"sourceFileName":"../advancedTest/src/main/java/advancedTest/Main.java"},{"doopID":"advancedTest.Main.main/advancedTest.Main.\u003cinit\u003e/7","invokingMethodID":"e3144db1-9df1-4028-8c05-d3151a2d0fb6","id":"aed4a46b-a932-4f90-8445-3d46654bce57","position":{"startLine":20,"startColumn":17,"endLine":20,"endColumn":24},"sourceFileName":"../advancedTest/src/main/java/advancedTest/Main.java"},{"doopID":"advancedTest.Main.main/advancedTest.Main.buz/1","invokingMethodID":"e3144db1-9df1-4028-8c05-d3151a2d0fb6","id":"6ed8a5f7-a907-4f87-95e5-2c0e4a66549c","position":{"startLine":20,"startColumn":28,"endLine":20,"endColumn":20},"sourceFileName":"../advancedTest/src/main/java/advancedTest/Main.java"},{"doopID":"advancedTest.Main.main/advancedTest.Main.foo/1","invokingMethodID":"e3144db1-9df1-4028-8c05-d3151a2d0fb6","id":"ee34d260-e24a-4bbe-8530-724639f9c10f","position":{"startLine":21,"startColumn":17,"endLine":21,"endColumn":21},"sourceFileName":"../advancedTest/src/main/java/advancedTest/Main.java"},{"doopID":"advancedTest.Main.main/extras.Test.speak/4","invokingMethodID":"e3144db1-9df1-4028-8c05-d3151a2d0fb6","id":"166170ea-ec77-4396-9ef7-c1af495c7fb3","position":{"startLine":22,"startColumn":15,"endLine":22,"endColumn":22},"sourceFileName":"../advancedTest/src/main/java/advancedTest/Main.java"},{"doopID":"\u003cadvancedTest.Main: extras.Test foo()\u003e/extras.Test.\u003cinit\u003e/0","invokingMethodID":"b64998fe-7188-4286-aa78-17b05a0dfd1b","id":"a742e9d7-aa98-4e8d-a3ee-399bedcd0de2","position":{"startLine":27,"startColumn":16,"endLine":27,"endColumn":31},"sourceFileName":"../advancedTest/src/main/java/advancedTest/Main.java"},{"doopID":"\u003cadvancedTest.Main: extras.Test foo(extras.Test,extras.Test2)\u003e/extras.Test.\u003cinit\u003e/0","invokingMethodID":"60687522-5ec5-42fc-8a13-167025a8c947","id":"ccae51f4-f31c-4819-86f5-8fd1243e7dcd","position":{"startLine":31,"startColumn":16,"endLine":31,"endColumn":35},"sourceFileName":"../advancedTest/src/main/java/advancedTest/Main.java"},{"doopID":"advancedTest.Main.bar/extras.Test2.\u003cinit\u003e/0","invokingMethodID":"957ae0f2-3efb-4099-9eec-49de5864ecab","id":"9d5d25be-076a-4417-bffc-80ae99e83f80","position":{"startLine":36,"startColumn":20,"endLine":36,"endColumn":41},"sourceFileName":"../advancedTest/src/main/java/advancedTest/Main.java"},{"doopID":"\u003cadvancedTest.Main: extras.Test buz()\u003e/extras.Test.\u003cinit\u003e/0","invokingMethodID":"9ea5405d-85ef-4a43-b441-58c9040f51fb","id":"3e3cb570-5d2c-4381-b642-4d6238fb8cb8","position":{"startLine":42,"startColumn":26,"endLine":42,"endColumn":46},"sourceFileName":"../advancedTest/src/main/java/advancedTest/Main.java"},{"doopID":"\u003cadvancedTest.Main: extras.Test buz()\u003e/extras.Test.speak/0","invokingMethodID":"9ea5405d-85ef-4a43-b441-58c9040f51fb","id":"6b2a05cc-0878-4166-9906-b32eadbb3d67","position":{"startLine":43,"startColumn":19,"endLine":43,"endColumn":43},"sourceFileName":"../advancedTest/src/main/java/advancedTest/Main.java"},{"doopID":"\u003cadvancedTest.Main: extras.Test buz(int,extras.Test,extras.Test2)\u003e/extras.Test.speak/0","invokingMethodID":"33e92f36-824b-4302-8211-04008cbc0dfb","id":"3f5ed23e-fbe4-433a-93d1-3d0d1bcd3837","position":{"startLine":48,"startColumn":11,"endLine":48,"endColumn":48},"sourceFileName":"../advancedTest/src/main/java/advancedTest/Main.java"},{"doopID":"\u003cadvancedTest.Main: extras.Test buz(int,extras.Test,extras.Test2)\u003e/extras.Test2.\u003cinit\u003e/0","invokingMethodID":"33e92f36-824b-4302-8211-04008cbc0dfb","id":"72ce055c-2b34-4259-bb46-d6cf36b44ab0","position":{"startLine":49,"startColumn":27,"endLine":49,"endColumn":54},"sourceFileName":"../advancedTest/src/main/java/advancedTest/Main.java"},{"doopID":"\u003cadvancedTest.Main: extras.Test buz(int,extras.Test,extras.Test2)\u003e/extras.Test2.speak/1","invokingMethodID":"33e92f36-824b-4302-8211-04008cbc0dfb","id":"f0bf2a80-f085-4dbf-a081-d6e4c275dcf2","position":{"startLine":50,"startColumn":19,"endLine":50,"endColumn":50},"sourceFileName":"../advancedTest/src/main/java/advancedTest/Main.java"},{"doopID":"\u003cadvancedTest.Main: extras.Test buz(int,extras.Test,extras.Test2)\u003e/extras.Test2.speak/2","invokingMethodID":"33e92f36-824b-4302-8211-04008cbc0dfb","id":"1473992b-3793-41da-85fa-e2bc31481302","position":{"startLine":51,"startColumn":11,"endLine":51,"endColumn":51},"sourceFileName":"../advancedTest/src/main/java/advancedTest/Main.java"},{"doopID":"\u003cadvancedTest.Main: extras.Test buz(int,extras.Test,extras.Test2)\u003e/extras.Test.\u003cinit\u003e/1","invokingMethodID":"33e92f36-824b-4302-8211-04008cbc0dfb","id":"d71d1c76-1afd-40cf-a3ad-d06782d603ed","position":{"startLine":52,"startColumn":16,"endLine":52,"endColumn":56},"sourceFileName":"../advancedTest/src/main/java/advancedTest/Main.java"}],"Method":[{"name":"\u003cinit\u003e","declaringClassID":"303b1d47-85b0-44e6-9323-950f65d30b18","returnType":"void","doopSignature":"\u003cadvancedTest.Main: void \u003cinit\u003e()\u003e","doopCompactName":"advancedTest.Main.\u003cinit\u003e","params":[],"paramTypes":[],"isStatic":false,"id":"ba11c6ca-02ae-42a9-be4b-5278d67f1662","position":{"startLine":5,"startColumn":8,"endLine":5,"endColumn":14},"sourceFileName":"../advancedTest/src/main/java/advancedTest/Main.java"},{"name":"main","declaringClassID":"303b1d47-85b0-44e6-9323-950f65d30b18","returnType":"void","doopSignature":"\u003cadvancedTest.Main: void main(java.lang.String[])\u003e","doopCompactName":"advancedTest.Main.main","params":["args"],"paramTypes":["String[]"],"isStatic":true,"id":"e3144db1-9df1-4028-8c05-d3151a2d0fb6","position":{"startLine":7,"startColumn":24,"endLine":7,"endColumn":28},"sourceFileName":"../advancedTest/src/main/java/advancedTest/Main.java"},{"name":"foo","declaringClassID":"303b1d47-85b0-44e6-9323-950f65d30b18","returnType":"extras.Test","doopSignature":"\u003cadvancedTest.Main: extras.Test foo()\u003e","doopCompactName":"advancedTest.Main.foo","params":[],"paramTypes":[],"isStatic":true,"id":"b64998fe-7188-4286-aa78-17b05a0dfd1b","position":{"startLine":26,"startColumn":24,"endLine":26,"endColumn":27},"sourceFileName":"../advancedTest/src/main/java/advancedTest/Main.java"},{"name":"foo","declaringClassID":"303b1d47-85b0-44e6-9323-950f65d30b18","returnType":"extras.Test","doopSignature":"\u003cadvancedTest.Main: extras.Test foo(extras.Test,extras.Test2)\u003e","doopCompactName":"advancedTest.Main.foo","params":["test","test2"],"paramTypes":["Test","Test2"],"isStatic":true,"id":"60687522-5ec5-42fc-8a13-167025a8c947","position":{"startLine":30,"startColumn":24,"endLine":30,"endColumn":27},"sourceFileName":"../advancedTest/src/main/java/advancedTest/Main.java"},{"name":"bar","declaringClassID":"303b1d47-85b0-44e6-9323-950f65d30b18","returnType":"extras.Test2","doopSignature":"\u003cadvancedTest.Main: extras.Test2 bar(extras.Test2)\u003e","doopCompactName":"advancedTest.Main.bar","params":["arg"],"paramTypes":["Test2"],"isStatic":true,"id":"957ae0f2-3efb-4099-9eec-49de5864ecab","position":{"startLine":34,"startColumn":25,"endLine":34,"endColumn":28},"sourceFileName":"../advancedTest/src/main/java/advancedTest/Main.java"},{"name":"buz","declaringClassID":"303b1d47-85b0-44e6-9323-950f65d30b18","returnType":"extras.Test","doopSignature":"\u003cadvancedTest.Main: extras.Test buz()\u003e","doopCompactName":"advancedTest.Main.buz","params":[],"paramTypes":[],"isStatic":false,"id":"9ea5405d-85ef-4a43-b441-58c9040f51fb","position":{"startLine":41,"startColumn":17,"endLine":41,"endColumn":20},"sourceFileName":"../advancedTest/src/main/java/advancedTest/Main.java"},{"name":"buz","declaringClassID":"303b1d47-85b0-44e6-9323-950f65d30b18","returnType":"extras.Test","doopSignature":"\u003cadvancedTest.Main: extras.Test buz(int,extras.Test,extras.Test2)\u003e","doopCompactName":"advancedTest.Main.buz","params":["a","b","c"],"paramTypes":["int","Test","Test2"],"isStatic":false,"id":"33e92f36-824b-4302-8211-04008cbc0dfb","position":{"startLine":47,"startColumn":17,"endLine":47,"endColumn":20},"sourceFileName":"../advancedTest/src/main/java/advancedTest/Main.java"}]}