{"Field":[],"Variable":[{"name":"args","doopName":"advancedTest.Main.main/args","type":"java.lang.String[]","declaringMethodID":"7c292ed4-b377-4b57-bf47-73a9b9f55143","isLocal":false,"isParameter":true,"position":{"startLine":7,"startColumn":38,"endLine":7,"endColumn":42},"sourceFileName":"advancedTest.Main.java","id":"083323f3-c2bb-4504-8302-8c6d4592a558"},{"name":"test1","doopName":"advancedTest.Main.main/test1","type":"extras.Test","declaringMethodID":"7c292ed4-b377-4b57-bf47-73a9b9f55143","isLocal":true,"isParameter":false,"position":{"startLine":8,"startColumn":14,"endLine":8,"endColumn":19},"sourceFileName":"advancedTest.Main.java","id":"69e2d6ad-ac4d-4c83-8655-2280432de376"},{"name":"test3","doopName":"advancedTest.Main.main/test3","type":"extras.Test","declaringMethodID":"7c292ed4-b377-4b57-bf47-73a9b9f55143","isLocal":true,"isParameter":false,"position":{"startLine":10,"startColumn":14,"endLine":10,"endColumn":19},"sourceFileName":"advancedTest.Main.java","id":"69e863fa-c5f8-45e9-a973-bb10fbd97ee6"},{"name":"test2","doopName":"advancedTest.Main.main/test2","type":"extras.Test2","declaringMethodID":"7c292ed4-b377-4b57-bf47-73a9b9f55143","isLocal":true,"isParameter":false,"position":{"startLine":15,"startColumn":15,"endLine":15,"endColumn":20},"sourceFileName":"advancedTest.Main.java","id":"f0f696c6-3d83-4aca-bd15-0cbd4bd9b08b"},{"name":"a","doopName":"advancedTest.Main.main/a","type":"int","declaringMethodID":"7c292ed4-b377-4b57-bf47-73a9b9f55143","isLocal":true,"isParameter":false,"position":{"startLine":17,"startColumn":13,"endLine":17,"endColumn":14},"sourceFileName":"advancedTest.Main.java","id":"0cfafd1d-f581-47db-bb73-3369b65a57c3"},{"name":"test","doopName":"\u003cadvancedTest.Main: extras.Test foo(extras.Test,extras.Test2)\u003e/test","type":"extras.Test","declaringMethodID":"24bf3089-793d-40d0-a5e9-7d62ec7cf888","isLocal":false,"isParameter":true,"position":{"startLine":30,"startColumn":33,"endLine":30,"endColumn":37},"sourceFileName":"advancedTest.Main.java","id":"ad2524ff-89ac-4905-8322-22b90611ce0d"},{"name":"test2","doopName":"\u003cadvancedTest.Main: extras.Test foo(extras.Test,extras.Test2)\u003e/test2","type":"extras.Test2","declaringMethodID":"24bf3089-793d-40d0-a5e9-7d62ec7cf888","isLocal":false,"isParameter":true,"position":{"startLine":30,"startColumn":45,"endLine":30,"endColumn":50},"sourceFileName":"advancedTest.Main.java","id":"ef2c0fb6-e4e5-4b6e-b3f7-0d6ee1ae22e0"},{"name":"arg","doopName":"advancedTest.Main.bar/arg","type":"extras.Test2","declaringMethodID":"b8e04230-3ffa-4f66-9d5c-14b3c8b13119","isLocal":false,"isParameter":true,"position":{"startLine":34,"startColumn":35,"endLine":34,"endColumn":38},"sourceFileName":"advancedTest.Main.java","id":"89d7d937-5db9-4ddb-9341-e525ffe339ad"},{"name":"localTest","doopName":"\u003cadvancedTest.Main: extras.Test buz()\u003e/localTest","type":"extras.Test","declaringMethodID":"96896c0d-c41d-4eb5-8f26-f9cc739cd19d","isLocal":true,"isParameter":false,"position":{"startLine":42,"startColumn":14,"endLine":42,"endColumn":23},"sourceFileName":"advancedTest.Main.java","id":"28b9a7cc-44cc-4963-b69c-7a68309e7cd2"},{"name":"a","doopName":"\u003cadvancedTest.Main: extras.Test buz(int,extras.Test,extras.Test2)\u003e/a","type":"int","declaringMethodID":"f98ccf7f-eff8-444c-ab3b-2a6974f89009","isLocal":false,"isParameter":true,"position":{"startLine":47,"startColumn":25,"endLine":47,"endColumn":26},"sourceFileName":"advancedTest.Main.java","id":"3fdd027e-cfd0-42e7-8741-f2ffaab0a033"},{"name":"b","doopName":"\u003cadvancedTest.Main: extras.Test buz(int,extras.Test,extras.Test2)\u003e/b","type":"extras.Test","declaringMethodID":"f98ccf7f-eff8-444c-ab3b-2a6974f89009","isLocal":false,"isParameter":true,"position":{"startLine":47,"startColumn":33,"endLine":47,"endColumn":34},"sourceFileName":"advancedTest.Main.java","id":"19e3843f-3aab-43a2-8c54-d66973449421"},{"name":"c","doopName":"\u003cadvancedTest.Main: extras.Test buz(int,extras.Test,extras.Test2)\u003e/c","type":"extras.Test2","declaringMethodID":"f98ccf7f-eff8-444c-ab3b-2a6974f89009","isLocal":false,"isParameter":true,"position":{"startLine":47,"startColumn":42,"endLine":47,"endColumn":43},"sourceFileName":"advancedTest.Main.java","id":"875bcd8c-c864-41e1-b6fa-7586e838ff0d"},{"name":"localTest","doopName":"\u003cadvancedTest.Main: extras.Test buz(int,extras.Test,extras.Test2)\u003e/localTest","type":"extras.Test2","declaringMethodID":"f98ccf7f-eff8-444c-ab3b-2a6974f89009","isLocal":true,"isParameter":false,"position":{"startLine":49,"startColumn":15,"endLine":49,"endColumn":24},"sourceFileName":"advancedTest.Main.java","id":"9cdbd544-f27e-48f0-8991-f3452bf1bc4d"}],"HeapAllocation":[{"type":"extras.Test","allocatingMethodID":"7c292ed4-b377-4b57-bf47-73a9b9f55143","doopID":"advancedTest.Main.main/new extras.Test/0","position":{"startLine":8,"startColumn":26,"endLine":8,"endColumn":30},"sourceFileName":"advancedTest.Main.java","id":"c92d276b-fe58-4996-b041-0f0c4f0b7790"},{"type":"extras.Test2","allocatingMethodID":"7c292ed4-b377-4b57-bf47-73a9b9f55143","doopID":"advancedTest.Main.main/new extras.Test2/0","position":{"startLine":9,"startColumn":27,"endLine":9,"endColumn":32},"sourceFileName":"advancedTest.Main.java","id":"bd711420-7f90-4279-8c41-2d178c5c1ff0"},{"type":"extras.Test2","allocatingMethodID":"7c292ed4-b377-4b57-bf47-73a9b9f55143","doopID":"advancedTest.Main.main/new extras.Test2/1","position":{"startLine":10,"startColumn":42,"endLine":10,"endColumn":47},"sourceFileName":"advancedTest.Main.java","id":"e46af8ed-a698-4b11-a196-eda6dacb7148"},{"type":"extras.Test2","allocatingMethodID":"7c292ed4-b377-4b57-bf47-73a9b9f55143","doopID":"advancedTest.Main.main/new extras.Test2/2","position":{"startLine":10,"startColumn":55,"endLine":10,"endColumn":60},"sourceFileName":"advancedTest.Main.java","id":"5121887f-b99d-4517-83e3-5825989a563f"},{"type":"extras.Test","allocatingMethodID":"7c292ed4-b377-4b57-bf47-73a9b9f55143","doopID":"advancedTest.Main.main/new extras.Test/1","position":{"startLine":10,"startColumn":26,"endLine":10,"endColumn":30},"sourceFileName":"advancedTest.Main.java","id":"9659fdb3-8798-467a-8912-4c8eaf08a279"},{"type":"extras.Test2","allocatingMethodID":"7c292ed4-b377-4b57-bf47-73a9b9f55143","doopID":"advancedTest.Main.main/new extras.Test2/3","position":{"startLine":12,"startColumn":25,"endLine":12,"endColumn":30},"sourceFileName":"advancedTest.Main.java","id":"8d82fac2-19db-495a-8c32-c379e4d749bd"},{"type":"advancedTest.Main","allocatingMethodID":"7c292ed4-b377-4b57-bf47-73a9b9f55143","doopID":"advancedTest.Main.main/new advancedTest.Main/0","position":{"startLine":18,"startColumn":21,"endLine":18,"endColumn":25},"sourceFileName":"advancedTest.Main.java","id":"8514c5b2-4786-4d1b-be3a-025f30c5cb3c"},{"type":"advancedTest.Main","allocatingMethodID":"7c292ed4-b377-4b57-bf47-73a9b9f55143","doopID":"advancedTest.Main.main/new advancedTest.Main/1","position":{"startLine":20,"startColumn":21,"endLine":20,"endColumn":25},"sourceFileName":"advancedTest.Main.java","id":"9d34710b-0d88-4c33-b760-ef1fa701aaad"},{"type":"extras.Test","allocatingMethodID":"47f7b56a-aed9-4edb-ac79-20d9babd3f21","doopID":"\u003cadvancedTest.Main: extras.Test foo()\u003e/new extras.Test/0","position":{"startLine":27,"startColumn":20,"endLine":27,"endColumn":24},"sourceFileName":"advancedTest.Main.java","id":"2f9ae8f7-ae89-4fe9-9ec9-6997531442c8"},{"type":"extras.Test","allocatingMethodID":"24bf3089-793d-40d0-a5e9-7d62ec7cf888","doopID":"\u003cadvancedTest.Main: extras.Test foo(extras.Test,extras.Test2)\u003e/new extras.Test/0","position":{"startLine":31,"startColumn":20,"endLine":31,"endColumn":24},"sourceFileName":"advancedTest.Main.java","id":"482664f3-e9fd-4b7d-8e59-666e5c788182"},{"type":"extras.Test2","allocatingMethodID":"b8e04230-3ffa-4f66-9d5c-14b3c8b13119","doopID":"advancedTest.Main.bar/new extras.Test2/0","position":{"startLine":36,"startColumn":24,"endLine":36,"endColumn":29},"sourceFileName":"advancedTest.Main.java","id":"a707bf3a-fbb4-47e4-bc83-7153f2c1d2e9"},{"type":"extras.Test","allocatingMethodID":"96896c0d-c41d-4eb5-8f26-f9cc739cd19d","doopID":"\u003cadvancedTest.Main: extras.Test buz()\u003e/new extras.Test/0","position":{"startLine":42,"startColumn":30,"endLine":42,"endColumn":34},"sourceFileName":"advancedTest.Main.java","id":"bebbae00-a8d4-4cff-9d98-8270a2b331f2"},{"type":"extras.Test2","allocatingMethodID":"f98ccf7f-eff8-444c-ab3b-2a6974f89009","doopID":"\u003cadvancedTest.Main: extras.Test buz(int,extras.Test,extras.Test2)\u003e/new extras.Test2/0","position":{"startLine":49,"startColumn":31,"endLine":49,"endColumn":36},"sourceFileName":"advancedTest.Main.java","id":"83ff303d-e7dd-418e-8f35-c9053e8b3c0c"},{"type":"extras.Test","allocatingMethodID":"f98ccf7f-eff8-444c-ab3b-2a6974f89009","doopID":"\u003cadvancedTest.Main: extras.Test buz(int,extras.Test,extras.Test2)\u003e/new extras.Test/0","position":{"startLine":52,"startColumn":20,"endLine":52,"endColumn":24},"sourceFileName":"advancedTest.Main.java","id":"85da48f6-54da-4227-839e-5bd074910363"}],"Class":[{"name":"advancedTest.Main","packageName":"advancedTest","isInterface":false,"isEnum":false,"isStatic":false,"isInner":false,"isAnonymous":false,"position":{"startLine":5,"startColumn":8,"endLine":5,"endColumn":25},"sourceFileName":"advancedTest.Main.java","id":"6234cc87-1820-4756-b31f-8778bf996854"}],"MethodInvocation":[{"doopID":"advancedTest.Main.\u003cinit\u003e/java.lang.Object.\u003cinit\u003e/0","invokingMethodID":"02aceca9-681c-4451-982e-1968770089e5","position":{"startLine":5,"startColumn":8,"endLine":5,"endColumn":14},"sourceFileName":"advancedTest.Main.java","id":"d7ae4a00-b886-4bd6-9b7b-a7ba6631b131"},{"doopID":"advancedTest.Main.main/extras.Test.\u003cinit\u003e/0","invokingMethodID":"7c292ed4-b377-4b57-bf47-73a9b9f55143","position":{"startLine":8,"startColumn":22,"endLine":8,"endColumn":26},"sourceFileName":"advancedTest.Main.java","id":"865142d7-0e0e-4583-b4da-ff085e1ceb5b"},{"doopID":"advancedTest.Main.main/extras.Test2.\u003cinit\u003e/1","invokingMethodID":"7c292ed4-b377-4b57-bf47-73a9b9f55143","position":{"startLine":9,"startColumn":23,"endLine":9,"endColumn":28},"sourceFileName":"advancedTest.Main.java","id":"963b1f8c-ce34-4ae2-b084-21d379a981c0"},{"doopID":"advancedTest.Main.main/extras.Test2.\u003cinit\u003e/2","invokingMethodID":"7c292ed4-b377-4b57-bf47-73a9b9f55143","position":{"startLine":10,"startColumn":38,"endLine":10,"endColumn":43},"sourceFileName":"advancedTest.Main.java","id":"7f2f4f6f-080e-4562-a9e1-f8bfc9d948b5"},{"doopID":"advancedTest.Main.main/extras.Test2.\u003cinit\u003e/3","invokingMethodID":"7c292ed4-b377-4b57-bf47-73a9b9f55143","position":{"startLine":10,"startColumn":51,"endLine":10,"endColumn":56},"sourceFileName":"advancedTest.Main.java","id":"3168e34f-2a14-4b99-ac82-c6d2f1f9e58d"},{"doopID":"advancedTest.Main.main/extras.Test.\u003cinit\u003e/4","invokingMethodID":"7c292ed4-b377-4b57-bf47-73a9b9f55143","position":{"startLine":10,"startColumn":22,"endLine":10,"endColumn":26},"sourceFileName":"advancedTest.Main.java","id":"0340ffd3-234c-4c0e-ac24-0cd5d295e841"},{"doopID":"advancedTest.Main.main/advancedTest.Main.foo/0","invokingMethodID":"7c292ed4-b377-4b57-bf47-73a9b9f55143","position":{"startLine":11,"startColumn":17,"endLine":11,"endColumn":20},"sourceFileName":"advancedTest.Main.java","id":"bf79a6eb-a37f-45cc-b711-95587502fa5b"},{"doopID":"advancedTest.Main.main/extras.Test2.\u003cinit\u003e/5","invokingMethodID":"7c292ed4-b377-4b57-bf47-73a9b9f55143","position":{"startLine":12,"startColumn":21,"endLine":12,"endColumn":26},"sourceFileName":"advancedTest.Main.java","id":"da0bf796-889b-479c-a721-f8d62f27f1b3"},{"doopID":"advancedTest.Main.main/extras.Test.speak/0","invokingMethodID":"7c292ed4-b377-4b57-bf47-73a9b9f55143","position":{"startLine":12,"startColumn":15,"endLine":12,"endColumn":20},"sourceFileName":"advancedTest.Main.java","id":"7f681537-635b-4b45-8cc0-86c3c3cc0365"},{"doopID":"advancedTest.Main.main/extras.Test.speak/1","invokingMethodID":"7c292ed4-b377-4b57-bf47-73a9b9f55143","position":{"startLine":13,"startColumn":15,"endLine":13,"endColumn":20},"sourceFileName":"advancedTest.Main.java","id":"4c334ed3-8366-47e8-ac22-5ba7e8c24d23"},{"doopID":"advancedTest.Main.main/advancedTest.Main.bar/0","invokingMethodID":"7c292ed4-b377-4b57-bf47-73a9b9f55143","position":{"startLine":15,"startColumn":23,"endLine":15,"endColumn":26},"sourceFileName":"advancedTest.Main.java","id":"01483f4f-4d0a-400a-9d0d-b8d25911abb3"},{"doopID":"advancedTest.Main.main/extras.Test2.speak/2","invokingMethodID":"7c292ed4-b377-4b57-bf47-73a9b9f55143","position":{"startLine":16,"startColumn":15,"endLine":16,"endColumn":20},"sourceFileName":"advancedTest.Main.java","id":"7103b82e-0890-4b57-bd56-57e367bf0dfb"},{"doopID":"advancedTest.Main.main/advancedTest.Main.\u003cinit\u003e/6","invokingMethodID":"7c292ed4-b377-4b57-bf47-73a9b9f55143","position":{"startLine":18,"startColumn":17,"endLine":18,"endColumn":21},"sourceFileName":"advancedTest.Main.java","id":"998b8120-c6ad-49de-a2ea-76b9c9a502ab"},{"doopID":"advancedTest.Main.main/advancedTest.Main.buz/0","invokingMethodID":"7c292ed4-b377-4b57-bf47-73a9b9f55143","position":{"startLine":18,"startColumn":28,"endLine":18,"endColumn":31},"sourceFileName":"advancedTest.Main.java","id":"f4ca0e2f-e1c7-4fc9-822f-1a1a8752bd4c"},{"doopID":"advancedTest.Main.main/extras.Test.speak/3","invokingMethodID":"7c292ed4-b377-4b57-bf47-73a9b9f55143","position":{"startLine":19,"startColumn":15,"endLine":19,"endColumn":20},"sourceFileName":"advancedTest.Main.java","id":"b9e31561-675e-427c-a36c-6d4db7da3aa3"},{"doopID":"advancedTest.Main.main/advancedTest.Main.\u003cinit\u003e/7","invokingMethodID":"7c292ed4-b377-4b57-bf47-73a9b9f55143","position":{"startLine":20,"startColumn":17,"endLine":20,"endColumn":21},"sourceFileName":"advancedTest.Main.java","id":"35a1fbab-fed4-481b-84f1-2b5762fd4eb5"},{"doopID":"advancedTest.Main.main/advancedTest.Main.buz/1","invokingMethodID":"7c292ed4-b377-4b57-bf47-73a9b9f55143","position":{"startLine":20,"startColumn":28,"endLine":20,"endColumn":31},"sourceFileName":"advancedTest.Main.java","id":"80fa5737-0de2-4241-a2f1-5f9f8406532d"},{"doopID":"advancedTest.Main.main/advancedTest.Main.foo/1","invokingMethodID":"7c292ed4-b377-4b57-bf47-73a9b9f55143","position":{"startLine":21,"startColumn":17,"endLine":21,"endColumn":20},"sourceFileName":"advancedTest.Main.java","id":"1b15af25-44cf-4c49-93ff-c28e6fad7009"},{"doopID":"advancedTest.Main.main/extras.Test.speak/4","invokingMethodID":"7c292ed4-b377-4b57-bf47-73a9b9f55143","position":{"startLine":22,"startColumn":15,"endLine":22,"endColumn":20},"sourceFileName":"advancedTest.Main.java","id":"06422b2b-ecd1-42dd-ade5-25b3331a121f"},{"doopID":"\u003cadvancedTest.Main: extras.Test foo()\u003e/extras.Test.\u003cinit\u003e/0","invokingMethodID":"47f7b56a-aed9-4edb-ac79-20d9babd3f21","position":{"startLine":27,"startColumn":16,"endLine":27,"endColumn":20},"sourceFileName":"advancedTest.Main.java","id":"8311b9a5-3c12-491d-be10-a0c5c663980a"},{"doopID":"\u003cadvancedTest.Main: extras.Test foo(extras.Test,extras.Test2)\u003e/extras.Test.\u003cinit\u003e/0","invokingMethodID":"24bf3089-793d-40d0-a5e9-7d62ec7cf888","position":{"startLine":31,"startColumn":16,"endLine":31,"endColumn":20},"sourceFileName":"advancedTest.Main.java","id":"5fc6700f-8e7d-4bfc-88df-1e158d5158a7"},{"doopID":"advancedTest.Main.bar/extras.Test2.\u003cinit\u003e/0","invokingMethodID":"b8e04230-3ffa-4f66-9d5c-14b3c8b13119","position":{"startLine":36,"startColumn":20,"endLine":36,"endColumn":25},"sourceFileName":"advancedTest.Main.java","id":"2ee2dba5-2635-457e-904c-8204704b2685"},{"doopID":"\u003cadvancedTest.Main: extras.Test buz()\u003e/extras.Test.\u003cinit\u003e/0","invokingMethodID":"96896c0d-c41d-4eb5-8f26-f9cc739cd19d","position":{"startLine":42,"startColumn":26,"endLine":42,"endColumn":30},"sourceFileName":"advancedTest.Main.java","id":"7749a576-c3be-4fa7-8cda-dacf464913a1"},{"doopID":"\u003cadvancedTest.Main: extras.Test buz()\u003e/extras.Test.speak/0","invokingMethodID":"96896c0d-c41d-4eb5-8f26-f9cc739cd19d","position":{"startLine":43,"startColumn":19,"endLine":43,"endColumn":24},"sourceFileName":"advancedTest.Main.java","id":"a8830015-05ab-4e12-8e69-c47a78bc2251"},{"doopID":"\u003cadvancedTest.Main: extras.Test buz(int,extras.Test,extras.Test2)\u003e/extras.Test.speak/0","invokingMethodID":"f98ccf7f-eff8-444c-ab3b-2a6974f89009","position":{"startLine":48,"startColumn":11,"endLine":48,"endColumn":16},"sourceFileName":"advancedTest.Main.java","id":"f3591f52-7de9-4bcb-b286-38d4890fcd01"},{"doopID":"\u003cadvancedTest.Main: extras.Test buz(int,extras.Test,extras.Test2)\u003e/extras.Test2.\u003cinit\u003e/0","invokingMethodID":"f98ccf7f-eff8-444c-ab3b-2a6974f89009","position":{"startLine":49,"startColumn":27,"endLine":49,"endColumn":32},"sourceFileName":"advancedTest.Main.java","id":"10156973-5960-4b08-a47d-48c754a11bfc"},{"doopID":"\u003cadvancedTest.Main: extras.Test buz(int,extras.Test,extras.Test2)\u003e/extras.Test2.speak/1","invokingMethodID":"f98ccf7f-eff8-444c-ab3b-2a6974f89009","position":{"startLine":50,"startColumn":19,"endLine":50,"endColumn":24},"sourceFileName":"advancedTest.Main.java","id":"7f7b41bf-a26c-40e6-b4ce-23a883a60f41"},{"doopID":"\u003cadvancedTest.Main: extras.Test buz(int,extras.Test,extras.Test2)\u003e/extras.Test2.speak/2","invokingMethodID":"f98ccf7f-eff8-444c-ab3b-2a6974f89009","position":{"startLine":51,"startColumn":11,"endLine":51,"endColumn":16},"sourceFileName":"advancedTest.Main.java","id":"fad753ba-da62-4186-aabd-8baff8101b21"},{"doopID":"\u003cadvancedTest.Main: extras.Test buz(int,extras.Test,extras.Test2)\u003e/extras.Test.\u003cinit\u003e/1","invokingMethodID":"f98ccf7f-eff8-444c-ab3b-2a6974f89009","position":{"startLine":52,"startColumn":16,"endLine":52,"endColumn":20},"sourceFileName":"advancedTest.Main.java","id":"42b839b0-5326-4702-8741-c2ca1dbe0ff1"}],"Method":[{"name":"\u003cinit\u003e","declaringClassID":"6234cc87-1820-4756-b31f-8778bf996854","returnType":"void","doopSignature":"\u003cadvancedTest.Main: void \u003cinit\u003e()\u003e","doopCompactName":"advancedTest.Main.\u003cinit\u003e","params":[],"paramTypes":[],"isStatic":false,"position":{"startLine":5,"startColumn":8,"endLine":5,"endColumn":14},"sourceFileName":"advancedTest.Main.java","id":"02aceca9-681c-4451-982e-1968770089e5"},{"name":"main","declaringClassID":"6234cc87-1820-4756-b31f-8778bf996854","returnType":"void","doopSignature":"\u003cadvancedTest.Main: void main(java.lang.String[])\u003e","doopCompactName":"advancedTest.Main.main","params":["args"],"paramTypes":["String[]"],"isStatic":true,"position":{"startLine":7,"startColumn":24,"endLine":7,"endColumn":28},"sourceFileName":"advancedTest.Main.java","id":"7c292ed4-b377-4b57-bf47-73a9b9f55143"},{"name":"foo","declaringClassID":"6234cc87-1820-4756-b31f-8778bf996854","returnType":"extras.Test","doopSignature":"\u003cadvancedTest.Main: extras.Test foo()\u003e","doopCompactName":"advancedTest.Main.foo","params":[],"paramTypes":[],"isStatic":true,"position":{"startLine":26,"startColumn":24,"endLine":26,"endColumn":27},"sourceFileName":"advancedTest.Main.java","id":"47f7b56a-aed9-4edb-ac79-20d9babd3f21"},{"name":"foo","declaringClassID":"6234cc87-1820-4756-b31f-8778bf996854","returnType":"extras.Test","doopSignature":"\u003cadvancedTest.Main: extras.Test foo(extras.Test,extras.Test2)\u003e","doopCompactName":"advancedTest.Main.foo","params":["test","test2"],"paramTypes":["Test","Test2"],"isStatic":true,"position":{"startLine":30,"startColumn":24,"endLine":30,"endColumn":27},"sourceFileName":"advancedTest.Main.java","id":"24bf3089-793d-40d0-a5e9-7d62ec7cf888"},{"name":"bar","declaringClassID":"6234cc87-1820-4756-b31f-8778bf996854","returnType":"extras.Test2","doopSignature":"\u003cadvancedTest.Main: extras.Test2 bar(extras.Test2)\u003e","doopCompactName":"advancedTest.Main.bar","params":["arg"],"paramTypes":["Test2"],"isStatic":true,"position":{"startLine":34,"startColumn":25,"endLine":34,"endColumn":28},"sourceFileName":"advancedTest.Main.java","id":"b8e04230-3ffa-4f66-9d5c-14b3c8b13119"},{"name":"buz","declaringClassID":"6234cc87-1820-4756-b31f-8778bf996854","returnType":"extras.Test","doopSignature":"\u003cadvancedTest.Main: extras.Test buz()\u003e","doopCompactName":"advancedTest.Main.buz","params":[],"paramTypes":[],"isStatic":false,"position":{"startLine":41,"startColumn":17,"endLine":41,"endColumn":20},"sourceFileName":"advancedTest.Main.java","id":"96896c0d-c41d-4eb5-8f26-f9cc739cd19d"},{"name":"buz","declaringClassID":"6234cc87-1820-4756-b31f-8778bf996854","returnType":"extras.Test","doopSignature":"\u003cadvancedTest.Main: extras.Test buz(int,extras.Test,extras.Test2)\u003e","doopCompactName":"advancedTest.Main.buz","params":["a","b","c"],"paramTypes":["int","Test","Test2"],"isStatic":false,"position":{"startLine":47,"startColumn":17,"endLine":47,"endColumn":20},"sourceFileName":"advancedTest.Main.java","id":"f98ccf7f-eff8-444c-ab3b-2a6974f89009"}]}