{"Field":[],"Variable":[{"name":"args","doopName":"advancedTest.Main.main/args","type":"java.lang.String[]","declaringMethodID":"9d747558-9fc4-4ee2-97c5-c467da8208e4","isLocal":false,"isParameter":true,"id":"522e116b-c421-4c59-b1d9-2ccb8950e29d","position":{"startLine":7,"startColumn":38,"endLine":7,"endColumn":42},"sourceFileName":"../advancedTest/src/main/java/advancedTest/Main.java"},{"name":"test1","doopName":"advancedTest.Main.main/test1","type":"extras.Test","declaringMethodID":"9d747558-9fc4-4ee2-97c5-c467da8208e4","isLocal":true,"isParameter":false,"id":"3f987f04-e8c5-49c0-b253-7a1a6a15603d","position":{"startLine":8,"startColumn":14,"endLine":8,"endColumn":19},"sourceFileName":"../advancedTest/src/main/java/advancedTest/Main.java"},{"name":"test3","doopName":"advancedTest.Main.main/test3","type":"extras.Test","declaringMethodID":"9d747558-9fc4-4ee2-97c5-c467da8208e4","isLocal":true,"isParameter":false,"id":"345b2a87-6133-4f96-a5f1-7d2f77775a0a","position":{"startLine":10,"startColumn":14,"endLine":10,"endColumn":19},"sourceFileName":"../advancedTest/src/main/java/advancedTest/Main.java"},{"name":"test2","doopName":"advancedTest.Main.main/test2","type":"extras.Test2","declaringMethodID":"9d747558-9fc4-4ee2-97c5-c467da8208e4","isLocal":true,"isParameter":false,"id":"5473012f-50f2-44a0-bb86-8f94045eca0b","position":{"startLine":15,"startColumn":15,"endLine":15,"endColumn":20},"sourceFileName":"../advancedTest/src/main/java/advancedTest/Main.java"},{"name":"a","doopName":"advancedTest.Main.main/a","type":"int","declaringMethodID":"9d747558-9fc4-4ee2-97c5-c467da8208e4","isLocal":true,"isParameter":false,"id":"52476e02-035c-47e4-ba69-6c180cf37e89","position":{"startLine":17,"startColumn":13,"endLine":17,"endColumn":14},"sourceFileName":"../advancedTest/src/main/java/advancedTest/Main.java"},{"name":"test","doopName":"\u003cadvancedTest.Main: extras.Test foo(extras.Test,extras.Test2)\u003e/test","type":"extras.Test","declaringMethodID":"cc93c9aa-c20c-4865-897d-c37bf5e9d73f","isLocal":false,"isParameter":true,"id":"99f9d3fc-5a01-450c-9aa5-dac245e26c75","position":{"startLine":30,"startColumn":33,"endLine":30,"endColumn":37},"sourceFileName":"../advancedTest/src/main/java/advancedTest/Main.java"},{"name":"test2","doopName":"\u003cadvancedTest.Main: extras.Test foo(extras.Test,extras.Test2)\u003e/test2","type":"extras.Test2","declaringMethodID":"cc93c9aa-c20c-4865-897d-c37bf5e9d73f","isLocal":false,"isParameter":true,"id":"e8107047-8653-477b-a657-306bc962689d","position":{"startLine":30,"startColumn":45,"endLine":30,"endColumn":50},"sourceFileName":"../advancedTest/src/main/java/advancedTest/Main.java"},{"name":"arg","doopName":"advancedTest.Main.bar/arg","type":"extras.Test2","declaringMethodID":"d7e4bf6b-207d-45cd-a437-672bc4bae179","isLocal":false,"isParameter":true,"id":"ec847855-ff8d-44e0-969b-b2478bf5bffc","position":{"startLine":34,"startColumn":35,"endLine":34,"endColumn":38},"sourceFileName":"../advancedTest/src/main/java/advancedTest/Main.java"},{"name":"localTest","doopName":"\u003cadvancedTest.Main: extras.Test buz()\u003e/localTest","type":"extras.Test","declaringMethodID":"870f93a6-d3ed-44ab-9de4-8806620467f3","isLocal":true,"isParameter":false,"id":"21878292-bad5-49c1-9b74-3fb12d55fc6b","position":{"startLine":42,"startColumn":14,"endLine":42,"endColumn":23},"sourceFileName":"../advancedTest/src/main/java/advancedTest/Main.java"},{"name":"a","doopName":"\u003cadvancedTest.Main: extras.Test buz(int,extras.Test,extras.Test2)\u003e/a","type":"int","declaringMethodID":"5d973702-31be-41a4-ae5c-7b18d8c7e940","isLocal":false,"isParameter":true,"id":"cf9fb0bd-02c4-48b1-b723-f9dff4d89a89","position":{"startLine":47,"startColumn":25,"endLine":47,"endColumn":26},"sourceFileName":"../advancedTest/src/main/java/advancedTest/Main.java"},{"name":"b","doopName":"\u003cadvancedTest.Main: extras.Test buz(int,extras.Test,extras.Test2)\u003e/b","type":"extras.Test","declaringMethodID":"5d973702-31be-41a4-ae5c-7b18d8c7e940","isLocal":false,"isParameter":true,"id":"87d98bd6-730b-43fe-a60c-f6b7fd40591d","position":{"startLine":47,"startColumn":33,"endLine":47,"endColumn":34},"sourceFileName":"../advancedTest/src/main/java/advancedTest/Main.java"},{"name":"c","doopName":"\u003cadvancedTest.Main: extras.Test buz(int,extras.Test,extras.Test2)\u003e/c","type":"extras.Test2","declaringMethodID":"5d973702-31be-41a4-ae5c-7b18d8c7e940","isLocal":false,"isParameter":true,"id":"99658e13-2eca-4ea5-bcd9-7f05006e3bcb","position":{"startLine":47,"startColumn":42,"endLine":47,"endColumn":43},"sourceFileName":"../advancedTest/src/main/java/advancedTest/Main.java"},{"name":"localTest","doopName":"\u003cadvancedTest.Main: extras.Test buz(int,extras.Test,extras.Test2)\u003e/localTest","type":"extras.Test2","declaringMethodID":"5d973702-31be-41a4-ae5c-7b18d8c7e940","isLocal":true,"isParameter":false,"id":"61cdbf53-75ff-45b7-a10d-fdfcd1741849","position":{"startLine":49,"startColumn":15,"endLine":49,"endColumn":24},"sourceFileName":"../advancedTest/src/main/java/advancedTest/Main.java"}],"HeapAllocation":[{"type":"extras.Test","allocatingMethodID":"9d747558-9fc4-4ee2-97c5-c467da8208e4","doopAllocationID":"advancedTest.Main.main/new extras.Test/0","id":"7ac67ce3-b53e-4d24-958e-9e0256f6b374","position":{"startLine":8,"startColumn":26,"endLine":8,"endColumn":30},"sourceFileName":"../advancedTest/src/main/java/advancedTest/Main.java"},{"type":"extras.Test2","allocatingMethodID":"9d747558-9fc4-4ee2-97c5-c467da8208e4","doopAllocationID":"advancedTest.Main.main/new extras.Test2/0","id":"b6f969e8-aeb3-4c5b-ab40-3b22f2b01b57","position":{"startLine":9,"startColumn":27,"endLine":9,"endColumn":32},"sourceFileName":"../advancedTest/src/main/java/advancedTest/Main.java"},{"type":"extras.Test2","allocatingMethodID":"9d747558-9fc4-4ee2-97c5-c467da8208e4","doopAllocationID":"advancedTest.Main.main/new extras.Test2/1","id":"d98248a0-0925-4f0f-af21-29e1daaad960","position":{"startLine":10,"startColumn":42,"endLine":10,"endColumn":47},"sourceFileName":"../advancedTest/src/main/java/advancedTest/Main.java"},{"type":"extras.Test2","allocatingMethodID":"9d747558-9fc4-4ee2-97c5-c467da8208e4","doopAllocationID":"advancedTest.Main.main/new extras.Test2/2","id":"068f1d76-4d77-46d4-beb6-84a27b7d92f2","position":{"startLine":10,"startColumn":55,"endLine":10,"endColumn":60},"sourceFileName":"../advancedTest/src/main/java/advancedTest/Main.java"},{"type":"extras.Test","allocatingMethodID":"9d747558-9fc4-4ee2-97c5-c467da8208e4","doopAllocationID":"advancedTest.Main.main/new extras.Test/1","id":"d4a1ee33-b9f5-4745-bee8-e29b77fa48bc","position":{"startLine":10,"startColumn":26,"endLine":10,"endColumn":30},"sourceFileName":"../advancedTest/src/main/java/advancedTest/Main.java"},{"type":"extras.Test2","allocatingMethodID":"9d747558-9fc4-4ee2-97c5-c467da8208e4","doopAllocationID":"advancedTest.Main.main/new extras.Test2/3","id":"b7374877-354c-4358-b5b3-d319f8822720","position":{"startLine":12,"startColumn":25,"endLine":12,"endColumn":30},"sourceFileName":"../advancedTest/src/main/java/advancedTest/Main.java"},{"type":"advancedTest.Main","allocatingMethodID":"9d747558-9fc4-4ee2-97c5-c467da8208e4","doopAllocationID":"advancedTest.Main.main/new advancedTest.Main/0","id":"cdd761b2-2032-4985-a716-93f5178c09c7","position":{"startLine":18,"startColumn":21,"endLine":18,"endColumn":25},"sourceFileName":"../advancedTest/src/main/java/advancedTest/Main.java"},{"type":"advancedTest.Main","allocatingMethodID":"9d747558-9fc4-4ee2-97c5-c467da8208e4","doopAllocationID":"advancedTest.Main.main/new advancedTest.Main/1","id":"c4164e3b-a003-4ad9-9bd8-2a631494583f","position":{"startLine":20,"startColumn":21,"endLine":20,"endColumn":25},"sourceFileName":"../advancedTest/src/main/java/advancedTest/Main.java"},{"type":"extras.Test","allocatingMethodID":"7972abd0-f248-4e78-a07c-ae7320d3846d","doopAllocationID":"\u003cadvancedTest.Main: extras.Test foo()\u003e/new extras.Test/0","id":"1dae07fe-2e84-4353-ac22-8852f1dc9996","position":{"startLine":27,"startColumn":20,"endLine":27,"endColumn":24},"sourceFileName":"../advancedTest/src/main/java/advancedTest/Main.java"},{"type":"extras.Test","allocatingMethodID":"cc93c9aa-c20c-4865-897d-c37bf5e9d73f","doopAllocationID":"\u003cadvancedTest.Main: extras.Test foo(extras.Test,extras.Test2)\u003e/new extras.Test/0","id":"4cdd8690-8c56-444c-b99c-95fbc9788fb9","position":{"startLine":31,"startColumn":20,"endLine":31,"endColumn":24},"sourceFileName":"../advancedTest/src/main/java/advancedTest/Main.java"},{"type":"extras.Test2","allocatingMethodID":"d7e4bf6b-207d-45cd-a437-672bc4bae179","doopAllocationID":"advancedTest.Main.bar/new extras.Test2/0","id":"c3b78548-a598-4abe-96a0-dadb1ecf432c","position":{"startLine":36,"startColumn":24,"endLine":36,"endColumn":29},"sourceFileName":"../advancedTest/src/main/java/advancedTest/Main.java"},{"type":"extras.Test","allocatingMethodID":"870f93a6-d3ed-44ab-9de4-8806620467f3","doopAllocationID":"\u003cadvancedTest.Main: extras.Test buz()\u003e/new extras.Test/0","id":"de67813a-1d4f-4010-9f46-886923b6cf7b","position":{"startLine":42,"startColumn":30,"endLine":42,"endColumn":34},"sourceFileName":"../advancedTest/src/main/java/advancedTest/Main.java"},{"type":"extras.Test2","allocatingMethodID":"5d973702-31be-41a4-ae5c-7b18d8c7e940","doopAllocationID":"\u003cadvancedTest.Main: extras.Test buz(int,extras.Test,extras.Test2)\u003e/new extras.Test2/0","id":"fc9adbba-f9df-4627-8a47-e0f95ad2d88a","position":{"startLine":49,"startColumn":31,"endLine":49,"endColumn":36},"sourceFileName":"../advancedTest/src/main/java/advancedTest/Main.java"},{"type":"extras.Test","allocatingMethodID":"5d973702-31be-41a4-ae5c-7b18d8c7e940","doopAllocationID":"\u003cadvancedTest.Main: extras.Test buz(int,extras.Test,extras.Test2)\u003e/new extras.Test/0","id":"14e8305d-6b09-46bc-9f09-d1ab1d62e0cc","position":{"startLine":52,"startColumn":20,"endLine":52,"endColumn":24},"sourceFileName":"../advancedTest/src/main/java/advancedTest/Main.java"}],"Class":[{"name":"advancedTest.Main","packageName":"advancedTest","isInterface":false,"isEnum":false,"isStatic":false,"isInner":false,"isAnonymous":false,"id":"16ab99e3-c2ce-41cd-80ad-bc0d04cf03cf","position":{"startLine":5,"startColumn":8,"endLine":5,"endColumn":4},"sourceFileName":"../advancedTest/src/main/java/advancedTest/Main.java"}],"MethodInvocation":[{"methodInvocationID":"advancedTest.Main.\u003cinit\u003e/java.lang.Object.\u003cinit\u003e/0","invokingMethodID":"doop.persistent.elements.Method@8c3b9d","id":"ffc58c93-5e2c-4c9b-8a27-53bd3cc42ba2","position":{"startLine":5,"startColumn":8,"endLine":5,"endColumn":5},"sourceFileName":"../advancedTest/src/main/java/advancedTest/Main.java"},{"methodInvocationID":"advancedTest.Main.main/extras.Test.\u003cinit\u003e/1","invokingMethodID":"9d747558-9fc4-4ee2-97c5-c467da8208e4","id":"8ce350bf-279b-45ae-90d4-7cee3ae1640a","position":{"startLine":8,"startColumn":22,"endLine":8,"endColumn":12},"sourceFileName":"../advancedTest/src/main/java/advancedTest/Main.java"},{"methodInvocationID":"advancedTest.Main.main/extras.Test2.\u003cinit\u003e/2","invokingMethodID":"9d747558-9fc4-4ee2-97c5-c467da8208e4","id":"48d7cb89-f05b-4861-a349-ff02b1a195a7","position":{"startLine":9,"startColumn":23,"endLine":9,"endColumn":14},"sourceFileName":"../advancedTest/src/main/java/advancedTest/Main.java"},{"methodInvocationID":"advancedTest.Main.main/extras.Test2.\u003cinit\u003e/3","invokingMethodID":"9d747558-9fc4-4ee2-97c5-c467da8208e4","id":"42a878e3-8bcb-493d-afd2-30a2504066c0","position":{"startLine":10,"startColumn":38,"endLine":10,"endColumn":15},"sourceFileName":"../advancedTest/src/main/java/advancedTest/Main.java"},{"methodInvocationID":"advancedTest.Main.main/extras.Test2.\u003cinit\u003e/4","invokingMethodID":"9d747558-9fc4-4ee2-97c5-c467da8208e4","id":"fa2dfa23-4418-4d8a-83c4-cbb29f78ceed","position":{"startLine":10,"startColumn":51,"endLine":10,"endColumn":15},"sourceFileName":"../advancedTest/src/main/java/advancedTest/Main.java"},{"methodInvocationID":"advancedTest.Main.main/extras.Test.\u003cinit\u003e/5","invokingMethodID":"9d747558-9fc4-4ee2-97c5-c467da8208e4","id":"ea81c64c-082e-4be5-886b-121bdb281593","position":{"startLine":10,"startColumn":22,"endLine":10,"endColumn":14},"sourceFileName":"../advancedTest/src/main/java/advancedTest/Main.java"},{"methodInvocationID":"advancedTest.Main.main/advancedTest.Main.foo/0","invokingMethodID":"doop.persistent.elements.Method@6aaceffd","id":"000e3aaf-71fc-455d-8ab9-e2654d55e5f1","position":{"startLine":11,"startColumn":17,"endLine":11,"endColumn":11},"sourceFileName":"../advancedTest/src/main/java/advancedTest/Main.java"},{"methodInvocationID":"advancedTest.Main.main/extras.Test2.\u003cinit\u003e/6","invokingMethodID":"9d747558-9fc4-4ee2-97c5-c467da8208e4","id":"c04948f7-8ff9-4c36-9444-0e92eb843a50","position":{"startLine":12,"startColumn":21,"endLine":12,"endColumn":17},"sourceFileName":"../advancedTest/src/main/java/advancedTest/Main.java"},{"methodInvocationID":"advancedTest.Main.main/extras.Test.speak/0","invokingMethodID":"doop.persistent.elements.Method@6aaceffd","id":"0df53cb5-b16a-4392-b2f1-371be91fcff9","position":{"startLine":12,"startColumn":15,"endLine":12,"endColumn":12},"sourceFileName":"../advancedTest/src/main/java/advancedTest/Main.java"},{"methodInvocationID":"advancedTest.Main.main/extras.Test.speak/1","invokingMethodID":"doop.persistent.elements.Method@6aaceffd","id":"11b88f1b-caff-4575-8067-924c17d1b248","position":{"startLine":13,"startColumn":15,"endLine":13,"endColumn":13},"sourceFileName":"../advancedTest/src/main/java/advancedTest/Main.java"},{"methodInvocationID":"advancedTest.Main.main/advancedTest.Main.bar/0","invokingMethodID":"doop.persistent.elements.Method@6aaceffd","id":"2f6fd302-992e-46d7-91ab-c361eadbaaa4","position":{"startLine":15,"startColumn":23,"endLine":15,"endColumn":15},"sourceFileName":"../advancedTest/src/main/java/advancedTest/Main.java"},{"methodInvocationID":"advancedTest.Main.main/extras.Test2.speak/2","invokingMethodID":"doop.persistent.elements.Method@6aaceffd","id":"ded53403-abf0-4b5f-a428-d0b9caee8384","position":{"startLine":16,"startColumn":15,"endLine":16,"endColumn":16},"sourceFileName":"../advancedTest/src/main/java/advancedTest/Main.java"},{"methodInvocationID":"advancedTest.Main.main/advancedTest.Main.\u003cinit\u003e/7","invokingMethodID":"9d747558-9fc4-4ee2-97c5-c467da8208e4","id":"4b1802b0-c281-41e1-a801-ac62938e1175","position":{"startLine":18,"startColumn":17,"endLine":18,"endColumn":22},"sourceFileName":"../advancedTest/src/main/java/advancedTest/Main.java"},{"methodInvocationID":"advancedTest.Main.main/advancedTest.Main.buz/0","invokingMethodID":"doop.persistent.elements.Method@6aaceffd","id":"2bcb509a-9389-4720-befa-af85b19e303f","position":{"startLine":18,"startColumn":28,"endLine":18,"endColumn":18},"sourceFileName":"../advancedTest/src/main/java/advancedTest/Main.java"},{"methodInvocationID":"advancedTest.Main.main/extras.Test.speak/3","invokingMethodID":"doop.persistent.elements.Method@6aaceffd","id":"69307927-c89f-4402-a2b1-3d7ab89c9854","position":{"startLine":19,"startColumn":15,"endLine":19,"endColumn":19},"sourceFileName":"../advancedTest/src/main/java/advancedTest/Main.java"},{"methodInvocationID":"advancedTest.Main.main/advancedTest.Main.\u003cinit\u003e/8","invokingMethodID":"9d747558-9fc4-4ee2-97c5-c467da8208e4","id":"02b76617-3b6d-467c-84f2-4b9a860ef312","position":{"startLine":20,"startColumn":17,"endLine":20,"endColumn":24},"sourceFileName":"../advancedTest/src/main/java/advancedTest/Main.java"},{"methodInvocationID":"advancedTest.Main.main/advancedTest.Main.buz/1","invokingMethodID":"doop.persistent.elements.Method@6aaceffd","id":"77c72cad-a8b0-4cab-8f03-81cc59dde678","position":{"startLine":20,"startColumn":28,"endLine":20,"endColumn":20},"sourceFileName":"../advancedTest/src/main/java/advancedTest/Main.java"},{"methodInvocationID":"advancedTest.Main.main/advancedTest.Main.foo/1","invokingMethodID":"doop.persistent.elements.Method@6aaceffd","id":"b21b375e-dd98-4f97-85ca-bb94569002e2","position":{"startLine":21,"startColumn":17,"endLine":21,"endColumn":21},"sourceFileName":"../advancedTest/src/main/java/advancedTest/Main.java"},{"methodInvocationID":"advancedTest.Main.main/extras.Test.speak/4","invokingMethodID":"doop.persistent.elements.Method@6aaceffd","id":"9eb9f4df-415c-40a1-b3b3-102be1a873f5","position":{"startLine":22,"startColumn":15,"endLine":22,"endColumn":22},"sourceFileName":"../advancedTest/src/main/java/advancedTest/Main.java"},{"methodInvocationID":"\u003cadvancedTest.Main: extras.Test foo()\u003e/extras.Test.\u003cinit\u003e/9","invokingMethodID":"7972abd0-f248-4e78-a07c-ae7320d3846d","id":"17875c81-c728-4199-b2f7-345dd8a0f4c7","position":{"startLine":27,"startColumn":16,"endLine":27,"endColumn":31},"sourceFileName":"../advancedTest/src/main/java/advancedTest/Main.java"},{"methodInvocationID":"\u003cadvancedTest.Main: extras.Test foo(extras.Test,extras.Test2)\u003e/extras.Test.\u003cinit\u003e/10","invokingMethodID":"cc93c9aa-c20c-4865-897d-c37bf5e9d73f","id":"14437547-5879-4749-8fec-ab40bff9d461","position":{"startLine":31,"startColumn":16,"endLine":31,"endColumn":35},"sourceFileName":"../advancedTest/src/main/java/advancedTest/Main.java"},{"methodInvocationID":"advancedTest.Main.bar/extras.Test2.\u003cinit\u003e/11","invokingMethodID":"d7e4bf6b-207d-45cd-a437-672bc4bae179","id":"0b546126-b372-4a24-b426-25edaf3c61b3","position":{"startLine":36,"startColumn":20,"endLine":36,"endColumn":41},"sourceFileName":"../advancedTest/src/main/java/advancedTest/Main.java"},{"methodInvocationID":"\u003cadvancedTest.Main: extras.Test buz()\u003e/extras.Test.\u003cinit\u003e/12","invokingMethodID":"870f93a6-d3ed-44ab-9de4-8806620467f3","id":"1c200f3f-5ca8-47d5-a39a-9f559b83fd6a","position":{"startLine":42,"startColumn":26,"endLine":42,"endColumn":46},"sourceFileName":"../advancedTest/src/main/java/advancedTest/Main.java"},{"methodInvocationID":"\u003cadvancedTest.Main: extras.Test buz()\u003e/extras.Test.speak/0","invokingMethodID":"doop.persistent.elements.Method@68e5eea7","id":"a73f3b05-1efb-4465-9289-46d780127e27","position":{"startLine":43,"startColumn":19,"endLine":43,"endColumn":43},"sourceFileName":"../advancedTest/src/main/java/advancedTest/Main.java"},{"methodInvocationID":"\u003cadvancedTest.Main: extras.Test buz(int,extras.Test,extras.Test2)\u003e/extras.Test.speak/0","invokingMethodID":"doop.persistent.elements.Method@117e949d","id":"def6d83f-c3af-4a2f-bc27-388503091d9a","position":{"startLine":48,"startColumn":11,"endLine":48,"endColumn":48},"sourceFileName":"../advancedTest/src/main/java/advancedTest/Main.java"},{"methodInvocationID":"\u003cadvancedTest.Main: extras.Test buz(int,extras.Test,extras.Test2)\u003e/extras.Test2.\u003cinit\u003e/13","invokingMethodID":"5d973702-31be-41a4-ae5c-7b18d8c7e940","id":"ccf69843-1705-40ea-81d3-a9e070a21e1c","position":{"startLine":49,"startColumn":27,"endLine":49,"endColumn":54},"sourceFileName":"../advancedTest/src/main/java/advancedTest/Main.java"},{"methodInvocationID":"\u003cadvancedTest.Main: extras.Test buz(int,extras.Test,extras.Test2)\u003e/extras.Test2.speak/1","invokingMethodID":"doop.persistent.elements.Method@117e949d","id":"d29eba54-9f06-465f-99c7-da8f6a2ad5ec","position":{"startLine":50,"startColumn":19,"endLine":50,"endColumn":50},"sourceFileName":"../advancedTest/src/main/java/advancedTest/Main.java"},{"methodInvocationID":"\u003cadvancedTest.Main: extras.Test buz(int,extras.Test,extras.Test2)\u003e/extras.Test2.speak/2","invokingMethodID":"doop.persistent.elements.Method@117e949d","id":"3dd2aaef-3dfe-4ac0-927b-7a621bba67b2","position":{"startLine":51,"startColumn":11,"endLine":51,"endColumn":51},"sourceFileName":"../advancedTest/src/main/java/advancedTest/Main.java"},{"methodInvocationID":"\u003cadvancedTest.Main: extras.Test buz(int,extras.Test,extras.Test2)\u003e/extras.Test.\u003cinit\u003e/14","invokingMethodID":"5d973702-31be-41a4-ae5c-7b18d8c7e940","id":"7ce60fa4-ed02-4b4f-9112-99f3f8dde642","position":{"startLine":52,"startColumn":16,"endLine":52,"endColumn":56},"sourceFileName":"../advancedTest/src/main/java/advancedTest/Main.java"}],"Method":[{"name":"\u003cinit\u003e","declaringClassID":"16ab99e3-c2ce-41cd-80ad-bc0d04cf03cf","returnType":"void","doopSignature":"\u003cadvancedTest.Main: void \u003cinit\u003e()\u003e","doopCompactName":"advancedTest.Main.\u003cinit\u003e","params":[],"paramTypes":[],"isStatic":false,"id":"dd59c096-414c-4393-9c43-99c8f493d046","position":{"startLine":5,"startColumn":8,"endLine":5,"endColumn":14},"sourceFileName":"../advancedTest/src/main/java/advancedTest/Main.java"},{"name":"main","declaringClassID":"16ab99e3-c2ce-41cd-80ad-bc0d04cf03cf","returnType":"void","doopSignature":"\u003cadvancedTest.Main: void main(java.lang.String[])\u003e","doopCompactName":"advancedTest.Main.main","params":["args"],"paramTypes":["String[]"],"isStatic":true,"id":"9d747558-9fc4-4ee2-97c5-c467da8208e4","position":{"startLine":7,"startColumn":24,"endLine":7,"endColumn":28},"sourceFileName":"../advancedTest/src/main/java/advancedTest/Main.java"},{"name":"foo","declaringClassID":"16ab99e3-c2ce-41cd-80ad-bc0d04cf03cf","returnType":"extras.Test","doopSignature":"\u003cadvancedTest.Main: extras.Test foo()\u003e","doopCompactName":"advancedTest.Main.foo","params":[],"paramTypes":[],"isStatic":true,"id":"7972abd0-f248-4e78-a07c-ae7320d3846d","position":{"startLine":26,"startColumn":24,"endLine":26,"endColumn":27},"sourceFileName":"../advancedTest/src/main/java/advancedTest/Main.java"},{"name":"foo","declaringClassID":"16ab99e3-c2ce-41cd-80ad-bc0d04cf03cf","returnType":"extras.Test","doopSignature":"\u003cadvancedTest.Main: extras.Test foo(extras.Test,extras.Test2)\u003e","doopCompactName":"advancedTest.Main.foo","params":["test","test2"],"paramTypes":["Test","Test2"],"isStatic":true,"id":"cc93c9aa-c20c-4865-897d-c37bf5e9d73f","position":{"startLine":30,"startColumn":24,"endLine":30,"endColumn":27},"sourceFileName":"../advancedTest/src/main/java/advancedTest/Main.java"},{"name":"bar","declaringClassID":"16ab99e3-c2ce-41cd-80ad-bc0d04cf03cf","returnType":"extras.Test2","doopSignature":"\u003cadvancedTest.Main: extras.Test2 bar(extras.Test2)\u003e","doopCompactName":"advancedTest.Main.bar","params":["arg"],"paramTypes":["Test2"],"isStatic":true,"id":"d7e4bf6b-207d-45cd-a437-672bc4bae179","position":{"startLine":34,"startColumn":25,"endLine":34,"endColumn":28},"sourceFileName":"../advancedTest/src/main/java/advancedTest/Main.java"},{"name":"buz","declaringClassID":"16ab99e3-c2ce-41cd-80ad-bc0d04cf03cf","returnType":"extras.Test","doopSignature":"\u003cadvancedTest.Main: extras.Test buz()\u003e","doopCompactName":"advancedTest.Main.buz","params":[],"paramTypes":[],"isStatic":false,"id":"870f93a6-d3ed-44ab-9de4-8806620467f3","position":{"startLine":41,"startColumn":17,"endLine":41,"endColumn":20},"sourceFileName":"../advancedTest/src/main/java/advancedTest/Main.java"},{"name":"buz","declaringClassID":"16ab99e3-c2ce-41cd-80ad-bc0d04cf03cf","returnType":"extras.Test","doopSignature":"\u003cadvancedTest.Main: extras.Test buz(int,extras.Test,extras.Test2)\u003e","doopCompactName":"advancedTest.Main.buz","params":["a","b","c"],"paramTypes":["int","Test","Test2"],"isStatic":false,"id":"5d973702-31be-41a4-ae5c-7b18d8c7e940","position":{"startLine":47,"startColumn":17,"endLine":47,"endColumn":20},"sourceFileName":"../advancedTest/src/main/java/advancedTest/Main.java"}]}