{"Field":[{"name":"staticTest","signature":"\u003cadvancedTest.Main: extras.Test staticTest\u003e","type":"extras.Test","declaringClassID":"05e17c77-cebf-413e-a019-1f023f235502","isStatic":true,"position":{"startLine":6,"startColumn":25,"endLine":6,"endColumn":35},"sourceFileName":"advancedTest.Main.java","id":"f5836001-5bc6-4fe6-9193-37261c514fe3"},{"name":"instanceTest","signature":"\u003cadvancedTest.Main: extras.Test instanceTest\u003e","type":"extras.Test","declaringClassID":"05e17c77-cebf-413e-a019-1f023f235502","isStatic":false,"position":{"startLine":7,"startColumn":18,"endLine":7,"endColumn":30},"sourceFileName":"advancedTest.Main.java","id":"785cadef-4816-41e2-bb2c-950971ef6357"}],"Variable":[{"name":"args","doopName":"advancedTest.Main.main/args","type":"java.lang.String[]","declaringMethodID":"eccadba2-1812-47ec-b55f-95f99b1af57e","isLocal":false,"isParameter":true,"position":{"startLine":9,"startColumn":38,"endLine":9,"endColumn":42},"sourceFileName":"advancedTest.Main.java","id":"8c942148-d508-449c-9442-56f104079529"},{"name":"test1","doopName":"advancedTest.Main.main/test1","type":"extras.Test","declaringMethodID":"eccadba2-1812-47ec-b55f-95f99b1af57e","isLocal":true,"isParameter":false,"position":{"startLine":10,"startColumn":14,"endLine":10,"endColumn":19},"sourceFileName":"advancedTest.Main.java","id":"8a4c3988-840b-45b3-ba08-75b58a5df5f5"},{"name":"test3","doopName":"advancedTest.Main.main/test3","type":"extras.Test","declaringMethodID":"eccadba2-1812-47ec-b55f-95f99b1af57e","isLocal":true,"isParameter":false,"position":{"startLine":12,"startColumn":14,"endLine":12,"endColumn":19},"sourceFileName":"advancedTest.Main.java","id":"0a460567-166b-47f8-9e5c-2337d474b091"},{"name":"test2","doopName":"advancedTest.Main.main/test2","type":"extras.Test2","declaringMethodID":"eccadba2-1812-47ec-b55f-95f99b1af57e","isLocal":true,"isParameter":false,"position":{"startLine":18,"startColumn":15,"endLine":18,"endColumn":20},"sourceFileName":"advancedTest.Main.java","id":"de32844c-7292-44ac-aaef-67afeca92821"},{"name":"a","doopName":"advancedTest.Main.main/a","type":"int","declaringMethodID":"eccadba2-1812-47ec-b55f-95f99b1af57e","isLocal":true,"isParameter":false,"position":{"startLine":20,"startColumn":13,"endLine":20,"endColumn":14},"sourceFileName":"advancedTest.Main.java","id":"536b426c-b7ab-4dc2-918a-5f758284ccfe"},{"name":"mainTest","doopName":"advancedTest.Main.main/mainTest","type":"advancedTest.Main","declaringMethodID":"eccadba2-1812-47ec-b55f-95f99b1af57e","isLocal":true,"isParameter":false,"position":{"startLine":22,"startColumn":14,"endLine":22,"endColumn":22},"sourceFileName":"advancedTest.Main.java","id":"30e5e5d3-8779-4a29-aaf8-91cae2589d0e"},{"name":"main","doopName":"advancedTest.Main.main/main","type":"advancedTest.Main","declaringMethodID":"eccadba2-1812-47ec-b55f-95f99b1af57e","isLocal":true,"isParameter":false,"position":{"startLine":32,"startColumn":14,"endLine":32,"endColumn":18},"sourceFileName":"advancedTest.Main.java","id":"a0be31dd-eccc-4621-8cdd-20a5d766029b"},{"name":"test","doopName":"\u003cadvancedTest.Main: extras.Test foo(extras.Test,extras.Test2)\u003e/test","type":"extras.Test","declaringMethodID":"f1700bb1-60ec-4168-9a65-7f43bf8812be","isLocal":false,"isParameter":true,"position":{"startLine":41,"startColumn":33,"endLine":41,"endColumn":37},"sourceFileName":"advancedTest.Main.java","id":"d67a84f2-417c-4dba-894a-e65740fc4ff8"},{"name":"test2","doopName":"\u003cadvancedTest.Main: extras.Test foo(extras.Test,extras.Test2)\u003e/test2","type":"extras.Test2","declaringMethodID":"f1700bb1-60ec-4168-9a65-7f43bf8812be","isLocal":false,"isParameter":true,"position":{"startLine":41,"startColumn":45,"endLine":41,"endColumn":50},"sourceFileName":"advancedTest.Main.java","id":"3e349938-e019-4211-85a3-463f429d155f"},{"name":"arg","doopName":"advancedTest.Main.bar/arg","type":"extras.Test2","declaringMethodID":"d9241d50-116d-4a50-bdc3-4b17b2b2a1cd","isLocal":false,"isParameter":true,"position":{"startLine":45,"startColumn":35,"endLine":45,"endColumn":38},"sourceFileName":"advancedTest.Main.java","id":"be994e89-97dd-4e41-8464-c7a579124296"},{"name":"localTest","doopName":"\u003cadvancedTest.Main: extras.Test buz()\u003e/localTest","type":"extras.Test","declaringMethodID":"774c3c2d-c705-4da7-a99f-ae47943c9fd9","isLocal":true,"isParameter":false,"position":{"startLine":53,"startColumn":14,"endLine":53,"endColumn":23},"sourceFileName":"advancedTest.Main.java","id":"1b5b2d09-5fff-4973-bb55-4d5fab60f8d7"},{"name":"a","doopName":"\u003cadvancedTest.Main: extras.Test buz(int,extras.Test,extras.Test2)\u003e/a","type":"int","declaringMethodID":"36d4f97f-e6b8-456c-9924-7d641bdb9b75","isLocal":false,"isParameter":true,"position":{"startLine":58,"startColumn":25,"endLine":58,"endColumn":26},"sourceFileName":"advancedTest.Main.java","id":"76dc4690-f553-44bb-808c-59b275ccf2a0"},{"name":"b","doopName":"\u003cadvancedTest.Main: extras.Test buz(int,extras.Test,extras.Test2)\u003e/b","type":"extras.Test","declaringMethodID":"36d4f97f-e6b8-456c-9924-7d641bdb9b75","isLocal":false,"isParameter":true,"position":{"startLine":58,"startColumn":33,"endLine":58,"endColumn":34},"sourceFileName":"advancedTest.Main.java","id":"257314b5-f212-4be1-bbc0-1fbc2a926fc1"},{"name":"c","doopName":"\u003cadvancedTest.Main: extras.Test buz(int,extras.Test,extras.Test2)\u003e/c","type":"extras.Test2","declaringMethodID":"36d4f97f-e6b8-456c-9924-7d641bdb9b75","isLocal":false,"isParameter":true,"position":{"startLine":58,"startColumn":42,"endLine":58,"endColumn":43},"sourceFileName":"advancedTest.Main.java","id":"a9d3e40b-444c-4ed9-9931-48d41a898c7a"},{"name":"localTest","doopName":"\u003cadvancedTest.Main: extras.Test buz(int,extras.Test,extras.Test2)\u003e/localTest","type":"extras.Test2","declaringMethodID":"36d4f97f-e6b8-456c-9924-7d641bdb9b75","isLocal":true,"isParameter":false,"position":{"startLine":60,"startColumn":15,"endLine":60,"endColumn":24},"sourceFileName":"advancedTest.Main.java","id":"3a2f7f2a-393e-44b6-8cfb-cbdfa5ffa4be"}],"HeapAllocation":[{"type":"extras.Test","allocatingMethodID":"eccadba2-1812-47ec-b55f-95f99b1af57e","doopID":"advancedTest.Main.main/new extras.Test/0","position":{"startLine":10,"startColumn":26,"endLine":10,"endColumn":30},"sourceFileName":"advancedTest.Main.java","id":"288890bd-b51c-483f-b8e1-ad108a500051"},{"type":"extras.Test2","allocatingMethodID":"eccadba2-1812-47ec-b55f-95f99b1af57e","doopID":"advancedTest.Main.main/new extras.Test2/0","position":{"startLine":11,"startColumn":27,"endLine":11,"endColumn":32},"sourceFileName":"advancedTest.Main.java","id":"c0248b08-f5d7-4d86-a406-fe1df5cff1d0"},{"type":"extras.Test2","allocatingMethodID":"eccadba2-1812-47ec-b55f-95f99b1af57e","doopID":"advancedTest.Main.main/new extras.Test2/1","position":{"startLine":12,"startColumn":42,"endLine":12,"endColumn":47},"sourceFileName":"advancedTest.Main.java","id":"2e5f7bf9-3f78-41c7-9caf-892c6f154335"},{"type":"extras.Test2","allocatingMethodID":"eccadba2-1812-47ec-b55f-95f99b1af57e","doopID":"advancedTest.Main.main/new extras.Test2/2","position":{"startLine":12,"startColumn":55,"endLine":12,"endColumn":60},"sourceFileName":"advancedTest.Main.java","id":"a60240e2-f885-44f0-8706-a68110e4c961"},{"type":"extras.Test","allocatingMethodID":"eccadba2-1812-47ec-b55f-95f99b1af57e","doopID":"advancedTest.Main.main/new extras.Test/1","position":{"startLine":12,"startColumn":26,"endLine":12,"endColumn":30},"sourceFileName":"advancedTest.Main.java","id":"f1464db7-61bc-46d9-8263-065534b633e0"},{"type":"extras.Test2","allocatingMethodID":"eccadba2-1812-47ec-b55f-95f99b1af57e","doopID":"advancedTest.Main.main/new extras.Test2/3","position":{"startLine":14,"startColumn":25,"endLine":14,"endColumn":30},"sourceFileName":"advancedTest.Main.java","id":"1b76e834-2704-4085-884c-2a6345919508"},{"type":"advancedTest.Main","allocatingMethodID":"eccadba2-1812-47ec-b55f-95f99b1af57e","doopID":"advancedTest.Main.main/new advancedTest.Main/0","position":{"startLine":22,"startColumn":29,"endLine":22,"endColumn":33},"sourceFileName":"advancedTest.Main.java","id":"b707b943-8a95-431e-a5a4-f18c38a935be"},{"type":"advancedTest.Main","allocatingMethodID":"eccadba2-1812-47ec-b55f-95f99b1af57e","doopID":"advancedTest.Main.main/new advancedTest.Main/1","position":{"startLine":24,"startColumn":21,"endLine":24,"endColumn":25},"sourceFileName":"advancedTest.Main.java","id":"d89a745c-fb3f-43b5-b4f6-fce9f7baf303"},{"type":"advancedTest.Main","allocatingMethodID":"eccadba2-1812-47ec-b55f-95f99b1af57e","doopID":"advancedTest.Main.main/new advancedTest.Main/2","position":{"startLine":25,"startColumn":37,"endLine":25,"endColumn":41},"sourceFileName":"advancedTest.Main.java","id":"b35895ae-d247-44fb-9bac-e8138e5df9bd"},{"type":"advancedTest.Main","allocatingMethodID":"eccadba2-1812-47ec-b55f-95f99b1af57e","doopID":"advancedTest.Main.main/new advancedTest.Main/3","position":{"startLine":27,"startColumn":21,"endLine":27,"endColumn":25},"sourceFileName":"advancedTest.Main.java","id":"68b8afc6-3267-40c4-88eb-b827eefab6e0"},{"type":"advancedTest.Main","allocatingMethodID":"eccadba2-1812-47ec-b55f-95f99b1af57e","doopID":"advancedTest.Main.main/new advancedTest.Main/4","position":{"startLine":31,"startColumn":37,"endLine":31,"endColumn":41},"sourceFileName":"advancedTest.Main.java","id":"dfad0cd3-4ed3-4423-a379-6d2e480ba441"},{"type":"advancedTest.Main","allocatingMethodID":"eccadba2-1812-47ec-b55f-95f99b1af57e","doopID":"advancedTest.Main.main/new advancedTest.Main/5","position":{"startLine":32,"startColumn":25,"endLine":32,"endColumn":29},"sourceFileName":"advancedTest.Main.java","id":"6f65a25e-4e4d-4994-81b1-61f2ea983770"},{"type":"extras.Test","allocatingMethodID":"56676857-e4bf-4c84-8667-92e0b989f272","doopID":"\u003cadvancedTest.Main: extras.Test foo()\u003e/new extras.Test/0","position":{"startLine":38,"startColumn":20,"endLine":38,"endColumn":24},"sourceFileName":"advancedTest.Main.java","id":"2d09677c-f289-4166-af0d-a2bc5a22b83b"},{"type":"extras.Test","allocatingMethodID":"f1700bb1-60ec-4168-9a65-7f43bf8812be","doopID":"\u003cadvancedTest.Main: extras.Test foo(extras.Test,extras.Test2)\u003e/new extras.Test/0","position":{"startLine":42,"startColumn":20,"endLine":42,"endColumn":24},"sourceFileName":"advancedTest.Main.java","id":"d9aa0b38-178a-4c29-a325-ebaa2d616a55"},{"type":"extras.Test2","allocatingMethodID":"d9241d50-116d-4a50-bdc3-4b17b2b2a1cd","doopID":"advancedTest.Main.bar/new extras.Test2/0","position":{"startLine":47,"startColumn":24,"endLine":47,"endColumn":29},"sourceFileName":"advancedTest.Main.java","id":"52b3ab36-ed5b-4454-b7ca-afb35af34dfb"},{"type":"extras.Test","allocatingMethodID":"774c3c2d-c705-4da7-a99f-ae47943c9fd9","doopID":"\u003cadvancedTest.Main: extras.Test buz()\u003e/new extras.Test/0","position":{"startLine":53,"startColumn":30,"endLine":53,"endColumn":34},"sourceFileName":"advancedTest.Main.java","id":"a8b4fcee-68c3-4e61-b0b8-1c38abda6d0c"},{"type":"extras.Test2","allocatingMethodID":"36d4f97f-e6b8-456c-9924-7d641bdb9b75","doopID":"\u003cadvancedTest.Main: extras.Test buz(int,extras.Test,extras.Test2)\u003e/new extras.Test2/0","position":{"startLine":60,"startColumn":31,"endLine":60,"endColumn":36},"sourceFileName":"advancedTest.Main.java","id":"c8c4f13c-2f12-4152-b06c-e73c86c3c7e8"},{"type":"extras.Test","allocatingMethodID":"36d4f97f-e6b8-456c-9924-7d641bdb9b75","doopID":"\u003cadvancedTest.Main: extras.Test buz(int,extras.Test,extras.Test2)\u003e/new extras.Test/0","position":{"startLine":63,"startColumn":20,"endLine":63,"endColumn":24},"sourceFileName":"advancedTest.Main.java","id":"6336afd5-0caf-4e9d-bf07-9895e41b58cb"}],"Class":[{"name":"advancedTest.Main","packageName":"advancedTest","isInterface":false,"isEnum":false,"isStatic":false,"isInner":false,"isAnonymous":false,"position":{"startLine":5,"startColumn":8,"endLine":5,"endColumn":25},"sourceFileName":"advancedTest.Main.java","id":"05e17c77-cebf-413e-a019-1f023f235502"}],"MethodInvocation":[{"doopID":"advancedTest.Main.\u003cinit\u003e/java.lang.Object.\u003cinit\u003e/0","invokingMethodID":"1d5431f8-8f08-40b5-abe2-7a77e59b1eb5","position":{"startLine":5,"startColumn":8,"endLine":5,"endColumn":14},"sourceFileName":"advancedTest.Main.java","id":"f2146de4-a4a0-4ca7-996d-ba710bfcf85d"},{"doopID":"advancedTest.Main.main/extras.Test.\u003cinit\u003e/0","invokingMethodID":"eccadba2-1812-47ec-b55f-95f99b1af57e","position":{"startLine":10,"startColumn":22,"endLine":10,"endColumn":26},"sourceFileName":"advancedTest.Main.java","id":"690ac8f3-72b8-497d-820e-358acbfb3b94"},{"doopID":"advancedTest.Main.main/extras.Test2.\u003cinit\u003e/1","invokingMethodID":"eccadba2-1812-47ec-b55f-95f99b1af57e","position":{"startLine":11,"startColumn":23,"endLine":11,"endColumn":28},"sourceFileName":"advancedTest.Main.java","id":"b9764c08-4a60-4105-8686-2ce5bfac5680"},{"doopID":"advancedTest.Main.main/extras.Test2.\u003cinit\u003e/2","invokingMethodID":"eccadba2-1812-47ec-b55f-95f99b1af57e","position":{"startLine":12,"startColumn":38,"endLine":12,"endColumn":43},"sourceFileName":"advancedTest.Main.java","id":"d9fbaced-aa79-469c-bef6-e60667e7b965"},{"doopID":"advancedTest.Main.main/extras.Test2.\u003cinit\u003e/3","invokingMethodID":"eccadba2-1812-47ec-b55f-95f99b1af57e","position":{"startLine":12,"startColumn":51,"endLine":12,"endColumn":56},"sourceFileName":"advancedTest.Main.java","id":"6331ad6d-4406-4699-a4a0-a2f917090154"},{"doopID":"advancedTest.Main.main/extras.Test.\u003cinit\u003e/4","invokingMethodID":"eccadba2-1812-47ec-b55f-95f99b1af57e","position":{"startLine":12,"startColumn":22,"endLine":12,"endColumn":26},"sourceFileName":"advancedTest.Main.java","id":"abc2d7fa-2635-42ae-9502-e87379dd33c7"},{"doopID":"advancedTest.Main.main/advancedTest.Main.foo/0","invokingMethodID":"eccadba2-1812-47ec-b55f-95f99b1af57e","position":{"startLine":13,"startColumn":17,"endLine":13,"endColumn":20},"sourceFileName":"advancedTest.Main.java","id":"7e50e681-7ff9-44a6-ad2f-cedede40be6a"},{"doopID":"advancedTest.Main.main/extras.Test2.\u003cinit\u003e/5","invokingMethodID":"eccadba2-1812-47ec-b55f-95f99b1af57e","position":{"startLine":14,"startColumn":21,"endLine":14,"endColumn":26},"sourceFileName":"advancedTest.Main.java","id":"2f156fa9-4683-4e9c-923d-143c5870cbb4"},{"doopID":"advancedTest.Main.main/extras.Test.speak/0","invokingMethodID":"eccadba2-1812-47ec-b55f-95f99b1af57e","position":{"startLine":14,"startColumn":15,"endLine":14,"endColumn":20},"sourceFileName":"advancedTest.Main.java","id":"e5bd7c78-1e40-4ab0-a1ff-8678caa0c572"},{"doopID":"advancedTest.Main.main/extras.Test.speak/1","invokingMethodID":"eccadba2-1812-47ec-b55f-95f99b1af57e","position":{"startLine":15,"startColumn":15,"endLine":15,"endColumn":20},"sourceFileName":"advancedTest.Main.java","id":"cddc1b4b-6723-4538-8b86-c93bb444971a"},{"doopID":"advancedTest.Main.main/advancedTest.Main.foo/1","invokingMethodID":"eccadba2-1812-47ec-b55f-95f99b1af57e","position":{"startLine":16,"startColumn":22,"endLine":16,"endColumn":25},"sourceFileName":"advancedTest.Main.java","id":"df3bb05e-037d-4968-84c3-e056e4a786e5"},{"doopID":"advancedTest.Main.main/advancedTest.Main.bar/0","invokingMethodID":"eccadba2-1812-47ec-b55f-95f99b1af57e","position":{"startLine":18,"startColumn":23,"endLine":18,"endColumn":26},"sourceFileName":"advancedTest.Main.java","id":"7b3acfe7-6262-4dae-84cb-5a6d2510b058"},{"doopID":"advancedTest.Main.main/extras.Test2.speak/2","invokingMethodID":"eccadba2-1812-47ec-b55f-95f99b1af57e","position":{"startLine":19,"startColumn":15,"endLine":19,"endColumn":20},"sourceFileName":"advancedTest.Main.java","id":"6d1f1d52-ae08-4732-9491-68dc1558cb90"},{"doopID":"advancedTest.Main.main/advancedTest.Main.foo/2","invokingMethodID":"eccadba2-1812-47ec-b55f-95f99b1af57e","position":{"startLine":21,"startColumn":22,"endLine":21,"endColumn":25},"sourceFileName":"advancedTest.Main.java","id":"0e48d858-7801-4feb-9a28-56b6e7b4424e"},{"doopID":"advancedTest.Main.main/advancedTest.Main.\u003cinit\u003e/6","invokingMethodID":"eccadba2-1812-47ec-b55f-95f99b1af57e","position":{"startLine":22,"startColumn":25,"endLine":22,"endColumn":29},"sourceFileName":"advancedTest.Main.java","id":"e3a262d7-9550-40a8-af33-31477cda8879"},{"doopID":"advancedTest.Main.main/advancedTest.Main.\u003cinit\u003e/7","invokingMethodID":"eccadba2-1812-47ec-b55f-95f99b1af57e","position":{"startLine":24,"startColumn":17,"endLine":24,"endColumn":21},"sourceFileName":"advancedTest.Main.java","id":"56abf5f3-cbf8-432e-88e3-83c74b32fb18"},{"doopID":"advancedTest.Main.main/advancedTest.Main.buz/0","invokingMethodID":"eccadba2-1812-47ec-b55f-95f99b1af57e","position":{"startLine":24,"startColumn":28,"endLine":24,"endColumn":31},"sourceFileName":"advancedTest.Main.java","id":"9f8579b2-6c16-4ae0-8fce-51e7d846b28a"},{"doopID":"advancedTest.Main.main/advancedTest.Main.\u003cinit\u003e/8","invokingMethodID":"eccadba2-1812-47ec-b55f-95f99b1af57e","position":{"startLine":25,"startColumn":33,"endLine":25,"endColumn":37},"sourceFileName":"advancedTest.Main.java","id":"552c2197-ec0e-4ef5-a85e-24c8467bc4c4"},{"doopID":"advancedTest.Main.main/advancedTest.Main.buz/1","invokingMethodID":"eccadba2-1812-47ec-b55f-95f99b1af57e","position":{"startLine":25,"startColumn":44,"endLine":25,"endColumn":47},"sourceFileName":"advancedTest.Main.java","id":"66d0ad1d-f116-4641-9a59-a6b5537eebcb"},{"doopID":"advancedTest.Main.main/extras.Test.speak/3","invokingMethodID":"eccadba2-1812-47ec-b55f-95f99b1af57e","position":{"startLine":26,"startColumn":15,"endLine":26,"endColumn":20},"sourceFileName":"advancedTest.Main.java","id":"625babdf-04f9-4486-8bc3-1e6373956209"},{"doopID":"advancedTest.Main.main/advancedTest.Main.\u003cinit\u003e/9","invokingMethodID":"eccadba2-1812-47ec-b55f-95f99b1af57e","position":{"startLine":27,"startColumn":17,"endLine":27,"endColumn":21},"sourceFileName":"advancedTest.Main.java","id":"50309738-6702-4f3a-a506-38c5bdaf4fdd"},{"doopID":"advancedTest.Main.main/advancedTest.Main.buz/2","invokingMethodID":"eccadba2-1812-47ec-b55f-95f99b1af57e","position":{"startLine":27,"startColumn":28,"endLine":27,"endColumn":31},"sourceFileName":"advancedTest.Main.java","id":"ffd2aa2c-ec19-42bf-810c-727ce0bb3b29"},{"doopID":"advancedTest.Main.main/advancedTest.Main.foo/3","invokingMethodID":"eccadba2-1812-47ec-b55f-95f99b1af57e","position":{"startLine":28,"startColumn":17,"endLine":28,"endColumn":20},"sourceFileName":"advancedTest.Main.java","id":"3025f629-ff43-4a31-bbbf-23306914d193"},{"doopID":"advancedTest.Main.main/extras.Test.speak/4","invokingMethodID":"eccadba2-1812-47ec-b55f-95f99b1af57e","position":{"startLine":29,"startColumn":15,"endLine":29,"endColumn":20},"sourceFileName":"advancedTest.Main.java","id":"b3125eac-c663-4215-a6dc-70e8c2433fbe"},{"doopID":"advancedTest.Main.main/advancedTest.Main.\u003cinit\u003e/10","invokingMethodID":"eccadba2-1812-47ec-b55f-95f99b1af57e","position":{"startLine":31,"startColumn":33,"endLine":31,"endColumn":37},"sourceFileName":"advancedTest.Main.java","id":"eb201f66-a27e-423e-892f-21abacd09a0e"},{"doopID":"advancedTest.Main.main/advancedTest.Main.buz/3","invokingMethodID":"eccadba2-1812-47ec-b55f-95f99b1af57e","position":{"startLine":31,"startColumn":44,"endLine":31,"endColumn":47},"sourceFileName":"advancedTest.Main.java","id":"11e101f6-b69d-4da3-88d3-c801c4762ee2"},{"doopID":"advancedTest.Main.main/advancedTest.Main.\u003cinit\u003e/11","invokingMethodID":"eccadba2-1812-47ec-b55f-95f99b1af57e","position":{"startLine":32,"startColumn":21,"endLine":32,"endColumn":25},"sourceFileName":"advancedTest.Main.java","id":"614af9d6-60a7-459a-9c4e-9df092771bd0"},{"doopID":"advancedTest.Main.main/advancedTest.Main.buz/4","invokingMethodID":"eccadba2-1812-47ec-b55f-95f99b1af57e","position":{"startLine":33,"startColumn":53,"endLine":33,"endColumn":56},"sourceFileName":"advancedTest.Main.java","id":"7a860a02-a9a1-44ef-b7e0-c918d2cdfa91"},{"doopID":"\u003cadvancedTest.Main: extras.Test foo()\u003e/extras.Test.\u003cinit\u003e/0","invokingMethodID":"56676857-e4bf-4c84-8667-92e0b989f272","position":{"startLine":38,"startColumn":16,"endLine":38,"endColumn":20},"sourceFileName":"advancedTest.Main.java","id":"f220e8c2-7143-4e11-a850-2a72afb1def8"},{"doopID":"\u003cadvancedTest.Main: extras.Test foo(extras.Test,extras.Test2)\u003e/extras.Test.\u003cinit\u003e/0","invokingMethodID":"f1700bb1-60ec-4168-9a65-7f43bf8812be","position":{"startLine":42,"startColumn":16,"endLine":42,"endColumn":20},"sourceFileName":"advancedTest.Main.java","id":"0c48ef0f-4472-480a-ad15-b54893172269"},{"doopID":"advancedTest.Main.bar/extras.Test2.\u003cinit\u003e/0","invokingMethodID":"d9241d50-116d-4a50-bdc3-4b17b2b2a1cd","position":{"startLine":47,"startColumn":20,"endLine":47,"endColumn":25},"sourceFileName":"advancedTest.Main.java","id":"0566a85c-b785-40da-9de1-96059f0c28e3"},{"doopID":"\u003cadvancedTest.Main: extras.Test buz()\u003e/extras.Test.\u003cinit\u003e/0","invokingMethodID":"774c3c2d-c705-4da7-a99f-ae47943c9fd9","position":{"startLine":53,"startColumn":26,"endLine":53,"endColumn":30},"sourceFileName":"advancedTest.Main.java","id":"8f048596-6668-487a-b54b-6ec6929e895f"},{"doopID":"\u003cadvancedTest.Main: extras.Test buz()\u003e/extras.Test.speak/0","invokingMethodID":"774c3c2d-c705-4da7-a99f-ae47943c9fd9","position":{"startLine":54,"startColumn":19,"endLine":54,"endColumn":24},"sourceFileName":"advancedTest.Main.java","id":"f5555fe7-3957-4bbe-9cec-c8579d10f9e4"},{"doopID":"\u003cadvancedTest.Main: extras.Test buz(int,extras.Test,extras.Test2)\u003e/extras.Test.speak/0","invokingMethodID":"36d4f97f-e6b8-456c-9924-7d641bdb9b75","position":{"startLine":59,"startColumn":11,"endLine":59,"endColumn":16},"sourceFileName":"advancedTest.Main.java","id":"15ac5130-ef7f-479f-83ef-75b7a5a187af"},{"doopID":"\u003cadvancedTest.Main: extras.Test buz(int,extras.Test,extras.Test2)\u003e/extras.Test2.\u003cinit\u003e/0","invokingMethodID":"36d4f97f-e6b8-456c-9924-7d641bdb9b75","position":{"startLine":60,"startColumn":27,"endLine":60,"endColumn":32},"sourceFileName":"advancedTest.Main.java","id":"96f75a62-c339-486e-af7f-11a4ff6f8104"},{"doopID":"\u003cadvancedTest.Main: extras.Test buz(int,extras.Test,extras.Test2)\u003e/extras.Test2.speak/1","invokingMethodID":"36d4f97f-e6b8-456c-9924-7d641bdb9b75","position":{"startLine":61,"startColumn":19,"endLine":61,"endColumn":24},"sourceFileName":"advancedTest.Main.java","id":"69e29ba9-ca6c-4c06-abb7-9009c724bf51"},{"doopID":"\u003cadvancedTest.Main: extras.Test buz(int,extras.Test,extras.Test2)\u003e/extras.Test2.speak/2","invokingMethodID":"36d4f97f-e6b8-456c-9924-7d641bdb9b75","position":{"startLine":62,"startColumn":11,"endLine":62,"endColumn":16},"sourceFileName":"advancedTest.Main.java","id":"9ff98d21-a345-4ee0-829c-b4aa1244a8d2"},{"doopID":"\u003cadvancedTest.Main: extras.Test buz(int,extras.Test,extras.Test2)\u003e/extras.Test.\u003cinit\u003e/1","invokingMethodID":"36d4f97f-e6b8-456c-9924-7d641bdb9b75","position":{"startLine":63,"startColumn":16,"endLine":63,"endColumn":20},"sourceFileName":"advancedTest.Main.java","id":"eb806fad-d2e1-46fb-9bce-b829dbe8a151"}],"Method":[{"name":"\u003cinit\u003e","declaringClassID":"05e17c77-cebf-413e-a019-1f023f235502","returnType":"void","doopSignature":"\u003cadvancedTest.Main: void \u003cinit\u003e()\u003e","doopCompactName":"advancedTest.Main.\u003cinit\u003e","params":[],"paramTypes":[],"isStatic":false,"position":{"startLine":5,"startColumn":8,"endLine":5,"endColumn":14},"sourceFileName":"advancedTest.Main.java","id":"1d5431f8-8f08-40b5-abe2-7a77e59b1eb5"},{"name":"main","declaringClassID":"05e17c77-cebf-413e-a019-1f023f235502","returnType":"void","doopSignature":"\u003cadvancedTest.Main: void main(java.lang.String[])\u003e","doopCompactName":"advancedTest.Main.main","params":["args"],"paramTypes":["String[]"],"isStatic":true,"position":{"startLine":9,"startColumn":24,"endLine":9,"endColumn":28},"sourceFileName":"advancedTest.Main.java","id":"eccadba2-1812-47ec-b55f-95f99b1af57e"},{"name":"foo","declaringClassID":"05e17c77-cebf-413e-a019-1f023f235502","returnType":"extras.Test","doopSignature":"\u003cadvancedTest.Main: extras.Test foo()\u003e","doopCompactName":"advancedTest.Main.foo","params":[],"paramTypes":[],"isStatic":true,"position":{"startLine":37,"startColumn":24,"endLine":37,"endColumn":27},"sourceFileName":"advancedTest.Main.java","id":"56676857-e4bf-4c84-8667-92e0b989f272"},{"name":"foo","declaringClassID":"05e17c77-cebf-413e-a019-1f023f235502","returnType":"extras.Test","doopSignature":"\u003cadvancedTest.Main: extras.Test foo(extras.Test,extras.Test2)\u003e","doopCompactName":"advancedTest.Main.foo","params":["test","test2"],"paramTypes":["Test","Test2"],"isStatic":true,"position":{"startLine":41,"startColumn":24,"endLine":41,"endColumn":27},"sourceFileName":"advancedTest.Main.java","id":"f1700bb1-60ec-4168-9a65-7f43bf8812be"},{"name":"bar","declaringClassID":"05e17c77-cebf-413e-a019-1f023f235502","returnType":"extras.Test2","doopSignature":"\u003cadvancedTest.Main: extras.Test2 bar(extras.Test2)\u003e","doopCompactName":"advancedTest.Main.bar","params":["arg"],"paramTypes":["Test2"],"isStatic":true,"position":{"startLine":45,"startColumn":25,"endLine":45,"endColumn":28},"sourceFileName":"advancedTest.Main.java","id":"d9241d50-116d-4a50-bdc3-4b17b2b2a1cd"},{"name":"buz","declaringClassID":"05e17c77-cebf-413e-a019-1f023f235502","returnType":"extras.Test","doopSignature":"\u003cadvancedTest.Main: extras.Test buz()\u003e","doopCompactName":"advancedTest.Main.buz","params":[],"paramTypes":[],"isStatic":false,"position":{"startLine":52,"startColumn":17,"endLine":52,"endColumn":20},"sourceFileName":"advancedTest.Main.java","id":"774c3c2d-c705-4da7-a99f-ae47943c9fd9"},{"name":"buz","declaringClassID":"05e17c77-cebf-413e-a019-1f023f235502","returnType":"extras.Test","doopSignature":"\u003cadvancedTest.Main: extras.Test buz(int,extras.Test,extras.Test2)\u003e","doopCompactName":"advancedTest.Main.buz","params":["a","b","c"],"paramTypes":["int","Test","Test2"],"isStatic":false,"position":{"startLine":58,"startColumn":17,"endLine":58,"endColumn":20},"sourceFileName":"advancedTest.Main.java","id":"36d4f97f-e6b8-456c-9924-7d641bdb9b75"}],"Occurrence":[{"symbolID":"8a4c3988-840b-45b3-ba08-75b58a5df5f5","occurrenceType":"WRITE","position":{"startLine":11,"startColumn":9,"endLine":11,"endColumn":14},"sourceFileName":"advancedTest.Main.java","id":"75a10f84-6ecd-4e41-993c-16c9a2171ba5"},{"symbolID":"8a4c3988-840b-45b3-ba08-75b58a5df5f5","occurrenceType":"READ","position":{"startLine":12,"startColumn":31,"endLine":12,"endColumn":36},"sourceFileName":"advancedTest.Main.java","id":"66d8c1fc-5971-46c7-8ceb-34bb5f4fc4cf"},{"symbolID":"8a4c3988-840b-45b3-ba08-75b58a5df5f5","occurrenceType":"WRITE","position":{"startLine":13,"startColumn":9,"endLine":13,"endColumn":14},"sourceFileName":"advancedTest.Main.java","id":"0c4af14b-e8d0-4d98-96fb-83e97635662c"},{"symbolID":"8a4c3988-840b-45b3-ba08-75b58a5df5f5","occurrenceType":"READ","position":{"startLine":15,"startColumn":21,"endLine":15,"endColumn":26},"sourceFileName":"advancedTest.Main.java","id":"4b3d9e27-0438-453e-b39f-2fc2fc50a034"},{"symbolID":"f5836001-5bc6-4fe6-9193-37261c514fe3","occurrenceType":"WRITE","position":{"startLine":16,"startColumn":9,"endLine":16,"endColumn":19},"sourceFileName":"advancedTest.Main.java","id":"aa0b88f5-5366-489b-8dc3-334a63245fb1"},{"symbolID":"8a4c3988-840b-45b3-ba08-75b58a5df5f5","occurrenceType":"READ","position":{"startLine":18,"startColumn":27,"endLine":18,"endColumn":32},"sourceFileName":"advancedTest.Main.java","id":"8a0cbcb8-e327-466c-bda8-59099c100444"},{"symbolID":"f5836001-5bc6-4fe6-9193-37261c514fe3","occurrenceType":"WRITE","position":{"startLine":21,"startColumn":9,"endLine":21,"endColumn":19},"sourceFileName":"advancedTest.Main.java","id":"fd926b93-2156-4936-a173-5dc16edbbeb9"},{"symbolID":"8a4c3988-840b-45b3-ba08-75b58a5df5f5","occurrenceType":"WRITE","position":{"startLine":24,"startColumn":9,"endLine":24,"endColumn":14},"sourceFileName":"advancedTest.Main.java","id":"0a6b522e-1d0d-4547-9479-1ab4c5f07e7b"},{"symbolID":"536b426c-b7ab-4dc2-918a-5f758284ccfe","occurrenceType":"READ","position":{"startLine":24,"startColumn":32,"endLine":24,"endColumn":33},"sourceFileName":"advancedTest.Main.java","id":"b99f40c9-848d-4ef4-a283-0fe4ea7929e4"},{"symbolID":"0a460567-166b-47f8-9e5c-2337d474b091","occurrenceType":"READ","position":{"startLine":24,"startColumn":35,"endLine":24,"endColumn":40},"sourceFileName":"advancedTest.Main.java","id":"15064ac3-184a-41a4-b1b2-08918c32cd09"},{"symbolID":"de32844c-7292-44ac-aaef-67afeca92821","occurrenceType":"READ","position":{"startLine":24,"startColumn":42,"endLine":24,"endColumn":47},"sourceFileName":"advancedTest.Main.java","id":"126fbcd3-bdb7-4844-8df5-5227790dacee"},{"symbolID":"536b426c-b7ab-4dc2-918a-5f758284ccfe","occurrenceType":"READ","position":{"startLine":24,"startColumn":32,"endLine":24,"endColumn":33},"sourceFileName":"advancedTest.Main.java","id":"cba77794-22ba-447d-9636-2fb1b3b2d850"},{"symbolID":"0a460567-166b-47f8-9e5c-2337d474b091","occurrenceType":"READ","position":{"startLine":24,"startColumn":35,"endLine":24,"endColumn":40},"sourceFileName":"advancedTest.Main.java","id":"ecb8a57f-fd2a-4b41-9b53-21d469298fd8"},{"symbolID":"de32844c-7292-44ac-aaef-67afeca92821","occurrenceType":"READ","position":{"startLine":24,"startColumn":42,"endLine":24,"endColumn":47},"sourceFileName":"advancedTest.Main.java","id":"c78d499c-7490-4e38-bbc8-965a75b12f35"},{"symbolID":"30e5e5d3-8779-4a29-aaf8-91cae2589d0e","occurrenceType":"WRITE","position":{"startLine":25,"startColumn":9,"endLine":25,"endColumn":17},"sourceFileName":"advancedTest.Main.java","id":"f8129cd2-2a4a-45ef-adcf-ebae04458989"},{"symbolID":"8a4c3988-840b-45b3-ba08-75b58a5df5f5","occurrenceType":"WRITE","position":{"startLine":27,"startColumn":9,"endLine":27,"endColumn":14},"sourceFileName":"advancedTest.Main.java","id":"974a0b00-8517-4f4e-8f01-4e3d3cb143ff"},{"symbolID":"8a4c3988-840b-45b3-ba08-75b58a5df5f5","occurrenceType":"WRITE","position":{"startLine":28,"startColumn":9,"endLine":28,"endColumn":14},"sourceFileName":"advancedTest.Main.java","id":"076a95b3-21bc-4b5d-aa0d-3ff816d5a0d2"},{"symbolID":"8a4c3988-840b-45b3-ba08-75b58a5df5f5","occurrenceType":"READ","position":{"startLine":28,"startColumn":21,"endLine":28,"endColumn":26},"sourceFileName":"advancedTest.Main.java","id":"8c7f32fe-c4e9-450c-92ef-ee3c80529471"},{"symbolID":"de32844c-7292-44ac-aaef-67afeca92821","occurrenceType":"READ","position":{"startLine":28,"startColumn":28,"endLine":28,"endColumn":33},"sourceFileName":"advancedTest.Main.java","id":"ba7df37f-6143-4633-add2-928b5f3c2eba"},{"symbolID":"8a4c3988-840b-45b3-ba08-75b58a5df5f5","occurrenceType":"READ","position":{"startLine":28,"startColumn":21,"endLine":28,"endColumn":26},"sourceFileName":"advancedTest.Main.java","id":"6e43df65-24eb-416c-8a1c-a96b5916c67f"},{"symbolID":"de32844c-7292-44ac-aaef-67afeca92821","occurrenceType":"READ","position":{"startLine":28,"startColumn":28,"endLine":28,"endColumn":33},"sourceFileName":"advancedTest.Main.java","id":"4e2e3ff0-ca42-4c65-b706-5714ae2589a1"},{"symbolID":"8a4c3988-840b-45b3-ba08-75b58a5df5f5","occurrenceType":"READ","position":{"startLine":29,"startColumn":21,"endLine":29,"endColumn":26},"sourceFileName":"advancedTest.Main.java","id":"2085fa1c-9443-4a58-bbbc-503898f4449b"},{"symbolID":"30e5e5d3-8779-4a29-aaf8-91cae2589d0e","occurrenceType":"WRITE","position":{"startLine":31,"startColumn":9,"endLine":31,"endColumn":17},"sourceFileName":"advancedTest.Main.java","id":"c0fa31c7-1f15-491e-8543-cdd5a98b57a4"},{"symbolID":"536b426c-b7ab-4dc2-918a-5f758284ccfe","occurrenceType":"READ","position":{"startLine":31,"startColumn":48,"endLine":31,"endColumn":49},"sourceFileName":"advancedTest.Main.java","id":"24fbdf1d-4f01-4db7-a8fa-89f4592f1794"},{"symbolID":"0a460567-166b-47f8-9e5c-2337d474b091","occurrenceType":"READ","position":{"startLine":31,"startColumn":51,"endLine":31,"endColumn":56},"sourceFileName":"advancedTest.Main.java","id":"d29bef70-22ff-457d-88d6-09a65a8b16e5"},{"symbolID":"de32844c-7292-44ac-aaef-67afeca92821","occurrenceType":"READ","position":{"startLine":31,"startColumn":58,"endLine":31,"endColumn":63},"sourceFileName":"advancedTest.Main.java","id":"ab9f7d4d-f46e-4e32-83ea-cf5bbda08800"},{"symbolID":"536b426c-b7ab-4dc2-918a-5f758284ccfe","occurrenceType":"READ","position":{"startLine":31,"startColumn":48,"endLine":31,"endColumn":49},"sourceFileName":"advancedTest.Main.java","id":"6d5f55b3-a76d-472f-84ac-f8858b0dbf72"},{"symbolID":"0a460567-166b-47f8-9e5c-2337d474b091","occurrenceType":"READ","position":{"startLine":31,"startColumn":51,"endLine":31,"endColumn":56},"sourceFileName":"advancedTest.Main.java","id":"01236877-6065-41fb-85a7-be72d04d4cef"},{"symbolID":"de32844c-7292-44ac-aaef-67afeca92821","occurrenceType":"READ","position":{"startLine":31,"startColumn":58,"endLine":31,"endColumn":63},"sourceFileName":"advancedTest.Main.java","id":"05073b45-c758-465d-ab42-74a990a61505"},{"symbolID":"30e5e5d3-8779-4a29-aaf8-91cae2589d0e","occurrenceType":"WRITE","position":{"startLine":33,"startColumn":9,"endLine":33,"endColumn":17},"sourceFileName":"advancedTest.Main.java","id":"5636a172-f81e-48d1-984c-68d90a6ea3a5"},{"symbolID":"a0be31dd-eccc-4621-8cdd-20a5d766029b","occurrenceType":"READ","position":{"startLine":33,"startColumn":48,"endLine":33,"endColumn":52},"sourceFileName":"advancedTest.Main.java","id":"2b4901fa-04f7-47c8-8207-da45e9c500d0"},{"symbolID":"8a4c3988-840b-45b3-ba08-75b58a5df5f5","occurrenceType":"READ","position":{"startLine":14,"startColumn":9,"endLine":14,"endColumn":14},"sourceFileName":"advancedTest.Main.java","id":"f4751c63-a0df-46db-ae66-c461bef5bb79"},{"symbolID":"0a460567-166b-47f8-9e5c-2337d474b091","occurrenceType":"READ","position":{"startLine":15,"startColumn":9,"endLine":15,"endColumn":14},"sourceFileName":"advancedTest.Main.java","id":"c6e243f0-55f7-4c57-a367-aaedc9cc9764"},{"symbolID":"8a4c3988-840b-45b3-ba08-75b58a5df5f5","occurrenceType":"READ","position":{"startLine":15,"startColumn":21,"endLine":15,"endColumn":26},"sourceFileName":"advancedTest.Main.java","id":"b7b0817b-7bba-482a-a184-b98044c0d158"},{"symbolID":"8a4c3988-840b-45b3-ba08-75b58a5df5f5","occurrenceType":"READ","position":{"startLine":18,"startColumn":27,"endLine":18,"endColumn":32},"sourceFileName":"advancedTest.Main.java","id":"1054a1fa-8874-48cf-b7c9-e20d34ef32af"},{"symbolID":"de32844c-7292-44ac-aaef-67afeca92821","occurrenceType":"READ","position":{"startLine":19,"startColumn":9,"endLine":19,"endColumn":14},"sourceFileName":"advancedTest.Main.java","id":"98479877-e5ed-4764-94d6-18e21ffe6e23"},{"symbolID":"536b426c-b7ab-4dc2-918a-5f758284ccfe","occurrenceType":"READ","position":{"startLine":24,"startColumn":32,"endLine":24,"endColumn":33},"sourceFileName":"advancedTest.Main.java","id":"7f54ee34-0e6b-4a2f-96e8-1c1038726e1a"},{"symbolID":"0a460567-166b-47f8-9e5c-2337d474b091","occurrenceType":"READ","position":{"startLine":24,"startColumn":35,"endLine":24,"endColumn":40},"sourceFileName":"advancedTest.Main.java","id":"d7d57396-91f6-4381-8c83-d79c490bf39c"},{"symbolID":"de32844c-7292-44ac-aaef-67afeca92821","occurrenceType":"READ","position":{"startLine":24,"startColumn":42,"endLine":24,"endColumn":47},"sourceFileName":"advancedTest.Main.java","id":"b010d8ae-846a-4e7e-ac5d-048d3f89c260"},{"symbolID":"8a4c3988-840b-45b3-ba08-75b58a5df5f5","occurrenceType":"READ","position":{"startLine":26,"startColumn":9,"endLine":26,"endColumn":14},"sourceFileName":"advancedTest.Main.java","id":"1e81aca6-f04d-437b-adda-0dc9d402bdd9"},{"symbolID":"8a4c3988-840b-45b3-ba08-75b58a5df5f5","occurrenceType":"READ","position":{"startLine":28,"startColumn":21,"endLine":28,"endColumn":26},"sourceFileName":"advancedTest.Main.java","id":"2d361c20-942b-49b8-a1bc-78dbf127e96f"},{"symbolID":"de32844c-7292-44ac-aaef-67afeca92821","occurrenceType":"READ","position":{"startLine":28,"startColumn":28,"endLine":28,"endColumn":33},"sourceFileName":"advancedTest.Main.java","id":"2f7a03d4-a45d-41fb-844a-c8f404b38be3"},{"symbolID":"8a4c3988-840b-45b3-ba08-75b58a5df5f5","occurrenceType":"READ","position":{"startLine":29,"startColumn":9,"endLine":29,"endColumn":14},"sourceFileName":"advancedTest.Main.java","id":"55654309-44bc-4497-96f8-b75acf3b72ca"},{"symbolID":"8a4c3988-840b-45b3-ba08-75b58a5df5f5","occurrenceType":"READ","position":{"startLine":29,"startColumn":21,"endLine":29,"endColumn":26},"sourceFileName":"advancedTest.Main.java","id":"ea7a700f-3271-48a6-ba31-7c84979f2b05"},{"symbolID":"536b426c-b7ab-4dc2-918a-5f758284ccfe","occurrenceType":"READ","position":{"startLine":31,"startColumn":48,"endLine":31,"endColumn":49},"sourceFileName":"advancedTest.Main.java","id":"9579e5ee-8858-4568-8430-4c7a4d77f4a6"},{"symbolID":"0a460567-166b-47f8-9e5c-2337d474b091","occurrenceType":"READ","position":{"startLine":31,"startColumn":51,"endLine":31,"endColumn":56},"sourceFileName":"advancedTest.Main.java","id":"40e25d33-d63a-4a25-a3c6-9905c5186202"},{"symbolID":"de32844c-7292-44ac-aaef-67afeca92821","occurrenceType":"READ","position":{"startLine":31,"startColumn":58,"endLine":31,"endColumn":63},"sourceFileName":"advancedTest.Main.java","id":"876b21e4-5ed0-4497-81b9-d0f477a3e271"},{"symbolID":"a0be31dd-eccc-4621-8cdd-20a5d766029b","occurrenceType":"READ","position":{"startLine":33,"startColumn":48,"endLine":33,"endColumn":52},"sourceFileName":"advancedTest.Main.java","id":"7fa38ddd-b3d1-43ec-bc31-9055d2502db9"},{"symbolID":"be994e89-97dd-4e41-8464-c7a579124296","occurrenceType":"READ","position":{"startLine":46,"startColumn":13,"endLine":46,"endColumn":16},"sourceFileName":"advancedTest.Main.java","id":"dadc048a-c5cd-44ad-a65c-697af88986b5"},{"symbolID":"be994e89-97dd-4e41-8464-c7a579124296","occurrenceType":"READ","position":{"startLine":46,"startColumn":13,"endLine":46,"endColumn":16},"sourceFileName":"advancedTest.Main.java","id":"54b892a4-cedd-4241-872d-e41ae555eaaf"},{"symbolID":"be994e89-97dd-4e41-8464-c7a579124296","occurrenceType":"READ","position":{"startLine":49,"startColumn":20,"endLine":49,"endColumn":23},"sourceFileName":"advancedTest.Main.java","id":"6565ac9c-d385-4acb-98cd-4c7052048202"},{"symbolID":"1b5b2d09-5fff-4973-bb55-4d5fab60f8d7","occurrenceType":"READ","position":{"startLine":55,"startColumn":16,"endLine":55,"endColumn":25},"sourceFileName":"advancedTest.Main.java","id":"fc4c0240-5271-4514-90dd-b62da90a124e"},{"symbolID":"1b5b2d09-5fff-4973-bb55-4d5fab60f8d7","occurrenceType":"READ","position":{"startLine":54,"startColumn":9,"endLine":54,"endColumn":18},"sourceFileName":"advancedTest.Main.java","id":"230bc83c-f970-4072-b963-c5da43ae741b"},{"symbolID":"a9d3e40b-444c-4ed9-9931-48d41a898c7a","occurrenceType":"READ","position":{"startLine":59,"startColumn":17,"endLine":59,"endColumn":18},"sourceFileName":"advancedTest.Main.java","id":"6fdc816f-63f2-407f-ab23-5a8632b0bdd1"},{"symbolID":"257314b5-f212-4be1-bbc0-1fbc2a926fc1","occurrenceType":"READ","position":{"startLine":59,"startColumn":9,"endLine":59,"endColumn":10},"sourceFileName":"advancedTest.Main.java","id":"3704c302-1678-4d9f-bfc9-7aa86c6b38e5"},{"symbolID":"a9d3e40b-444c-4ed9-9931-48d41a898c7a","occurrenceType":"READ","position":{"startLine":59,"startColumn":17,"endLine":59,"endColumn":18},"sourceFileName":"advancedTest.Main.java","id":"11551744-2130-492c-9439-a7ac5e5820ba"},{"symbolID":"3a2f7f2a-393e-44b6-8cfb-cbdfa5ffa4be","occurrenceType":"READ","position":{"startLine":61,"startColumn":9,"endLine":61,"endColumn":18},"sourceFileName":"advancedTest.Main.java","id":"8366f88b-6875-4a54-a4da-26e4a232caa1"},{"symbolID":"a9d3e40b-444c-4ed9-9931-48d41a898c7a","occurrenceType":"READ","position":{"startLine":62,"startColumn":9,"endLine":62,"endColumn":10},"sourceFileName":"advancedTest.Main.java","id":"43acdb24-05d2-4b30-b0dc-fd364aefbaae"}]}