{"Field":[],"Variable":[{"name":"args","doopName":"advancedTest.Main.main/args","type":"java.lang.String[]","declaringMethodID":"46acc260-3b9a-4c0a-b3ae-3d5e69310445","isLocal":false,"isParameter":true,"position":{"startLine":7,"startColumn":38,"endLine":7,"endColumn":42},"sourceFileName":"advancedTest.Main.java","id":"b6c3df2f-5ee5-4d4c-bc66-dfa50b5bd7eb"},{"name":"test1","doopName":"advancedTest.Main.main/test1","type":"extras.Test","declaringMethodID":"46acc260-3b9a-4c0a-b3ae-3d5e69310445","isLocal":true,"isParameter":false,"position":{"startLine":8,"startColumn":14,"endLine":8,"endColumn":19},"sourceFileName":"advancedTest.Main.java","id":"27464f51-5c0f-41fd-9eac-91e8b2770c8f"},{"name":"test3","doopName":"advancedTest.Main.main/test3","type":"extras.Test","declaringMethodID":"46acc260-3b9a-4c0a-b3ae-3d5e69310445","isLocal":true,"isParameter":false,"position":{"startLine":10,"startColumn":14,"endLine":10,"endColumn":19},"sourceFileName":"advancedTest.Main.java","id":"ef803e15-9d83-485c-8dd9-6f99fb1c8743"},{"name":"test2","doopName":"advancedTest.Main.main/test2","type":"extras.Test2","declaringMethodID":"46acc260-3b9a-4c0a-b3ae-3d5e69310445","isLocal":true,"isParameter":false,"position":{"startLine":15,"startColumn":15,"endLine":15,"endColumn":20},"sourceFileName":"advancedTest.Main.java","id":"48f3a4d8-0842-4b1a-ad4f-2fe055edb963"},{"name":"a","doopName":"advancedTest.Main.main/a","type":"int","declaringMethodID":"46acc260-3b9a-4c0a-b3ae-3d5e69310445","isLocal":true,"isParameter":false,"position":{"startLine":17,"startColumn":13,"endLine":17,"endColumn":14},"sourceFileName":"advancedTest.Main.java","id":"1973b22b-c739-42a9-8811-1ccd7fa88168"},{"name":"test","doopName":"\u003cadvancedTest.Main: extras.Test foo(extras.Test,extras.Test2)\u003e/test","type":"extras.Test","declaringMethodID":"0291f717-16b4-4c7e-b35e-18922c6f72f0","isLocal":false,"isParameter":true,"position":{"startLine":30,"startColumn":33,"endLine":30,"endColumn":37},"sourceFileName":"advancedTest.Main.java","id":"f574090e-c1ed-435e-b9ee-865fee90ad03"},{"name":"test2","doopName":"\u003cadvancedTest.Main: extras.Test foo(extras.Test,extras.Test2)\u003e/test2","type":"extras.Test2","declaringMethodID":"0291f717-16b4-4c7e-b35e-18922c6f72f0","isLocal":false,"isParameter":true,"position":{"startLine":30,"startColumn":45,"endLine":30,"endColumn":50},"sourceFileName":"advancedTest.Main.java","id":"11cdfe14-9a54-487d-aacd-5dcd44d95802"},{"name":"arg","doopName":"advancedTest.Main.bar/arg","type":"extras.Test2","declaringMethodID":"840cb267-fd5f-472c-ba17-312903b17714","isLocal":false,"isParameter":true,"position":{"startLine":34,"startColumn":35,"endLine":34,"endColumn":38},"sourceFileName":"advancedTest.Main.java","id":"6ce410ca-eddf-4b2f-bad6-f3e92e41e4e4"},{"name":"localTest","doopName":"\u003cadvancedTest.Main: extras.Test buz()\u003e/localTest","type":"extras.Test","declaringMethodID":"517d17c3-3bb8-4ea9-88be-3e6ba40175ee","isLocal":true,"isParameter":false,"position":{"startLine":42,"startColumn":14,"endLine":42,"endColumn":23},"sourceFileName":"advancedTest.Main.java","id":"4103bfc9-8d19-4164-b270-cee79347e0a9"},{"name":"a","doopName":"\u003cadvancedTest.Main: extras.Test buz(int,extras.Test,extras.Test2)\u003e/a","type":"int","declaringMethodID":"3e0ce9af-761d-4d2f-a2c1-0b0adeab0bc1","isLocal":false,"isParameter":true,"position":{"startLine":47,"startColumn":25,"endLine":47,"endColumn":26},"sourceFileName":"advancedTest.Main.java","id":"1214fd50-79b3-4354-8858-c63981f23572"},{"name":"b","doopName":"\u003cadvancedTest.Main: extras.Test buz(int,extras.Test,extras.Test2)\u003e/b","type":"extras.Test","declaringMethodID":"3e0ce9af-761d-4d2f-a2c1-0b0adeab0bc1","isLocal":false,"isParameter":true,"position":{"startLine":47,"startColumn":33,"endLine":47,"endColumn":34},"sourceFileName":"advancedTest.Main.java","id":"2d098ce4-e0f4-4a82-9bf5-d98c54dccf0d"},{"name":"c","doopName":"\u003cadvancedTest.Main: extras.Test buz(int,extras.Test,extras.Test2)\u003e/c","type":"extras.Test2","declaringMethodID":"3e0ce9af-761d-4d2f-a2c1-0b0adeab0bc1","isLocal":false,"isParameter":true,"position":{"startLine":47,"startColumn":42,"endLine":47,"endColumn":43},"sourceFileName":"advancedTest.Main.java","id":"2fce39a2-1a48-4c74-98e4-b939065db106"},{"name":"localTest","doopName":"\u003cadvancedTest.Main: extras.Test buz(int,extras.Test,extras.Test2)\u003e/localTest","type":"extras.Test2","declaringMethodID":"3e0ce9af-761d-4d2f-a2c1-0b0adeab0bc1","isLocal":true,"isParameter":false,"position":{"startLine":49,"startColumn":15,"endLine":49,"endColumn":24},"sourceFileName":"advancedTest.Main.java","id":"3e9fd299-ccb3-4b97-8b80-ff2378ba9338"}],"HeapAllocation":[{"type":"extras.Test","allocatingMethodID":"46acc260-3b9a-4c0a-b3ae-3d5e69310445","doopID":"advancedTest.Main.main/new extras.Test/0","position":{"startLine":8,"startColumn":26,"endLine":8,"endColumn":30},"sourceFileName":"advancedTest.Main.java","id":"94eb01a9-8e35-4593-b054-cf274181d84d"},{"type":"extras.Test2","allocatingMethodID":"46acc260-3b9a-4c0a-b3ae-3d5e69310445","doopID":"advancedTest.Main.main/new extras.Test2/0","position":{"startLine":9,"startColumn":27,"endLine":9,"endColumn":32},"sourceFileName":"advancedTest.Main.java","id":"61e47fcd-4b82-4357-b0be-6e7e0067eef6"},{"type":"extras.Test2","allocatingMethodID":"46acc260-3b9a-4c0a-b3ae-3d5e69310445","doopID":"advancedTest.Main.main/new extras.Test2/1","position":{"startLine":10,"startColumn":42,"endLine":10,"endColumn":47},"sourceFileName":"advancedTest.Main.java","id":"f4b9b44d-b689-4ad9-a9c9-40cda8374f3e"},{"type":"extras.Test2","allocatingMethodID":"46acc260-3b9a-4c0a-b3ae-3d5e69310445","doopID":"advancedTest.Main.main/new extras.Test2/2","position":{"startLine":10,"startColumn":55,"endLine":10,"endColumn":60},"sourceFileName":"advancedTest.Main.java","id":"481f2dae-3540-44ef-92a8-ef413351da6b"},{"type":"extras.Test","allocatingMethodID":"46acc260-3b9a-4c0a-b3ae-3d5e69310445","doopID":"advancedTest.Main.main/new extras.Test/1","position":{"startLine":10,"startColumn":26,"endLine":10,"endColumn":30},"sourceFileName":"advancedTest.Main.java","id":"77b25349-148c-4b94-a265-6ca30f05acb3"},{"type":"extras.Test2","allocatingMethodID":"46acc260-3b9a-4c0a-b3ae-3d5e69310445","doopID":"advancedTest.Main.main/new extras.Test2/3","position":{"startLine":12,"startColumn":25,"endLine":12,"endColumn":30},"sourceFileName":"advancedTest.Main.java","id":"7ee8392d-aa9c-4a17-9b1c-1be7ffa455ed"},{"type":"advancedTest.Main","allocatingMethodID":"46acc260-3b9a-4c0a-b3ae-3d5e69310445","doopID":"advancedTest.Main.main/new advancedTest.Main/0","position":{"startLine":18,"startColumn":21,"endLine":18,"endColumn":25},"sourceFileName":"advancedTest.Main.java","id":"b7272385-f42c-404d-b114-91420dea6304"},{"type":"advancedTest.Main","allocatingMethodID":"46acc260-3b9a-4c0a-b3ae-3d5e69310445","doopID":"advancedTest.Main.main/new advancedTest.Main/1","position":{"startLine":20,"startColumn":21,"endLine":20,"endColumn":25},"sourceFileName":"advancedTest.Main.java","id":"f378308d-ab62-48bf-b29a-bf4a41c20097"},{"type":"extras.Test","allocatingMethodID":"a637b493-9748-4a37-b4d2-018181d9bb97","doopID":"\u003cadvancedTest.Main: extras.Test foo()\u003e/new extras.Test/0","position":{"startLine":27,"startColumn":20,"endLine":27,"endColumn":24},"sourceFileName":"advancedTest.Main.java","id":"d0a5dadd-04ea-4e76-a42d-a596ce38c0a1"},{"type":"extras.Test","allocatingMethodID":"0291f717-16b4-4c7e-b35e-18922c6f72f0","doopID":"\u003cadvancedTest.Main: extras.Test foo(extras.Test,extras.Test2)\u003e/new extras.Test/0","position":{"startLine":31,"startColumn":20,"endLine":31,"endColumn":24},"sourceFileName":"advancedTest.Main.java","id":"d21c6478-010e-4fe1-9ab2-3bfc7577198b"},{"type":"extras.Test2","allocatingMethodID":"840cb267-fd5f-472c-ba17-312903b17714","doopID":"advancedTest.Main.bar/new extras.Test2/0","position":{"startLine":36,"startColumn":24,"endLine":36,"endColumn":29},"sourceFileName":"advancedTest.Main.java","id":"b7dd4011-4b65-418b-b066-9570b96ca791"},{"type":"extras.Test","allocatingMethodID":"517d17c3-3bb8-4ea9-88be-3e6ba40175ee","doopID":"\u003cadvancedTest.Main: extras.Test buz()\u003e/new extras.Test/0","position":{"startLine":42,"startColumn":30,"endLine":42,"endColumn":34},"sourceFileName":"advancedTest.Main.java","id":"53aba582-0050-44fe-a5e4-835210a4ff62"},{"type":"extras.Test2","allocatingMethodID":"3e0ce9af-761d-4d2f-a2c1-0b0adeab0bc1","doopID":"\u003cadvancedTest.Main: extras.Test buz(int,extras.Test,extras.Test2)\u003e/new extras.Test2/0","position":{"startLine":49,"startColumn":31,"endLine":49,"endColumn":36},"sourceFileName":"advancedTest.Main.java","id":"f0f05eda-c718-4845-bf2d-6661e8583a2b"},{"type":"extras.Test","allocatingMethodID":"3e0ce9af-761d-4d2f-a2c1-0b0adeab0bc1","doopID":"\u003cadvancedTest.Main: extras.Test buz(int,extras.Test,extras.Test2)\u003e/new extras.Test/0","position":{"startLine":52,"startColumn":20,"endLine":52,"endColumn":24},"sourceFileName":"advancedTest.Main.java","id":"b19e0e61-1272-4f72-965d-b4dba08e31f6"}],"Class":[{"name":"advancedTest.Main","packageName":"advancedTest","isInterface":false,"isEnum":false,"isStatic":false,"isInner":false,"isAnonymous":false,"position":{"startLine":5,"startColumn":8,"endLine":5,"endColumn":25},"sourceFileName":"advancedTest.Main.java","id":"232182bc-3c0e-4e0e-b083-480462654344"}],"MethodInvocation":[{"doopID":"advancedTest.Main.\u003cinit\u003e/java.lang.Object.\u003cinit\u003e/0","invokingMethodID":"0d6b84be-5c0c-4ac7-af49-c6feea836c9e","position":{"startLine":5,"startColumn":8,"endLine":5,"endColumn":14},"sourceFileName":"advancedTest.Main.java","id":"d599a68d-470b-43cd-8fab-c22a8b2008f5"},{"doopID":"advancedTest.Main.main/extras.Test.\u003cinit\u003e/0","invokingMethodID":"46acc260-3b9a-4c0a-b3ae-3d5e69310445","position":{"startLine":8,"startColumn":22,"endLine":8,"endColumn":26},"sourceFileName":"advancedTest.Main.java","id":"2ef4c0eb-5540-4cf3-a166-dfa39026b1c3"},{"doopID":"advancedTest.Main.main/extras.Test2.\u003cinit\u003e/1","invokingMethodID":"46acc260-3b9a-4c0a-b3ae-3d5e69310445","position":{"startLine":9,"startColumn":23,"endLine":9,"endColumn":28},"sourceFileName":"advancedTest.Main.java","id":"52659057-c619-4466-a6e4-898cda4c82f1"},{"doopID":"advancedTest.Main.main/extras.Test2.\u003cinit\u003e/2","invokingMethodID":"46acc260-3b9a-4c0a-b3ae-3d5e69310445","position":{"startLine":10,"startColumn":38,"endLine":10,"endColumn":43},"sourceFileName":"advancedTest.Main.java","id":"8953620a-97ca-4c10-9de3-383ed966cb2b"},{"doopID":"advancedTest.Main.main/extras.Test2.\u003cinit\u003e/3","invokingMethodID":"46acc260-3b9a-4c0a-b3ae-3d5e69310445","position":{"startLine":10,"startColumn":51,"endLine":10,"endColumn":56},"sourceFileName":"advancedTest.Main.java","id":"d0854246-1e4b-4b02-9bb1-943a7960a36d"},{"doopID":"advancedTest.Main.main/extras.Test.\u003cinit\u003e/4","invokingMethodID":"46acc260-3b9a-4c0a-b3ae-3d5e69310445","position":{"startLine":10,"startColumn":22,"endLine":10,"endColumn":26},"sourceFileName":"advancedTest.Main.java","id":"ddffc613-cf2a-4f08-8164-e4df7f729df9"},{"doopID":"advancedTest.Main.main/advancedTest.Main.foo/0","invokingMethodID":"46acc260-3b9a-4c0a-b3ae-3d5e69310445","position":{"startLine":11,"startColumn":17,"endLine":11,"endColumn":20},"sourceFileName":"advancedTest.Main.java","id":"dafa03b6-428c-4ddc-bcd5-e497926b6c34"},{"doopID":"advancedTest.Main.main/extras.Test2.\u003cinit\u003e/5","invokingMethodID":"46acc260-3b9a-4c0a-b3ae-3d5e69310445","position":{"startLine":12,"startColumn":21,"endLine":12,"endColumn":26},"sourceFileName":"advancedTest.Main.java","id":"639de30c-ce04-4d51-b7b1-b219ad109c88"},{"doopID":"advancedTest.Main.main/extras.Test.speak/0","invokingMethodID":"46acc260-3b9a-4c0a-b3ae-3d5e69310445","position":{"startLine":12,"startColumn":15,"endLine":12,"endColumn":20},"sourceFileName":"advancedTest.Main.java","id":"e59ed4c4-d072-48dc-bd90-2b7ed74cc797"},{"doopID":"advancedTest.Main.main/extras.Test.speak/1","invokingMethodID":"46acc260-3b9a-4c0a-b3ae-3d5e69310445","position":{"startLine":13,"startColumn":15,"endLine":13,"endColumn":20},"sourceFileName":"advancedTest.Main.java","id":"b8b057ef-eb3b-41f7-b2f9-ad698ec3c998"},{"doopID":"advancedTest.Main.main/advancedTest.Main.bar/0","invokingMethodID":"46acc260-3b9a-4c0a-b3ae-3d5e69310445","position":{"startLine":15,"startColumn":23,"endLine":15,"endColumn":26},"sourceFileName":"advancedTest.Main.java","id":"e98479e8-4255-45fd-b52c-e97eae9df804"},{"doopID":"advancedTest.Main.main/extras.Test2.speak/2","invokingMethodID":"46acc260-3b9a-4c0a-b3ae-3d5e69310445","position":{"startLine":16,"startColumn":15,"endLine":16,"endColumn":20},"sourceFileName":"advancedTest.Main.java","id":"964f9014-6656-4be1-b6b3-1bede63bab89"},{"doopID":"advancedTest.Main.main/advancedTest.Main.\u003cinit\u003e/6","invokingMethodID":"46acc260-3b9a-4c0a-b3ae-3d5e69310445","position":{"startLine":18,"startColumn":17,"endLine":18,"endColumn":21},"sourceFileName":"advancedTest.Main.java","id":"60474931-5099-48d5-a751-bc859b54fe04"},{"doopID":"advancedTest.Main.main/advancedTest.Main.buz/0","invokingMethodID":"46acc260-3b9a-4c0a-b3ae-3d5e69310445","position":{"startLine":18,"startColumn":28,"endLine":18,"endColumn":31},"sourceFileName":"advancedTest.Main.java","id":"e83d2003-4f22-4f47-9b31-af5d5b085afd"},{"doopID":"advancedTest.Main.main/extras.Test.speak/3","invokingMethodID":"46acc260-3b9a-4c0a-b3ae-3d5e69310445","position":{"startLine":19,"startColumn":15,"endLine":19,"endColumn":20},"sourceFileName":"advancedTest.Main.java","id":"a67b6451-ad34-4744-9a32-704061387c04"},{"doopID":"advancedTest.Main.main/advancedTest.Main.\u003cinit\u003e/7","invokingMethodID":"46acc260-3b9a-4c0a-b3ae-3d5e69310445","position":{"startLine":20,"startColumn":17,"endLine":20,"endColumn":21},"sourceFileName":"advancedTest.Main.java","id":"d409f43c-ebf9-49ac-afb8-42222e0c62e9"},{"doopID":"advancedTest.Main.main/advancedTest.Main.buz/1","invokingMethodID":"46acc260-3b9a-4c0a-b3ae-3d5e69310445","position":{"startLine":20,"startColumn":28,"endLine":20,"endColumn":31},"sourceFileName":"advancedTest.Main.java","id":"c265a69e-3805-4d72-ba7d-f3c85adc07d8"},{"doopID":"advancedTest.Main.main/advancedTest.Main.foo/1","invokingMethodID":"46acc260-3b9a-4c0a-b3ae-3d5e69310445","position":{"startLine":21,"startColumn":17,"endLine":21,"endColumn":20},"sourceFileName":"advancedTest.Main.java","id":"36738b87-4226-423f-b2ca-b3becb7dacd3"},{"doopID":"advancedTest.Main.main/extras.Test.speak/4","invokingMethodID":"46acc260-3b9a-4c0a-b3ae-3d5e69310445","position":{"startLine":22,"startColumn":15,"endLine":22,"endColumn":20},"sourceFileName":"advancedTest.Main.java","id":"099ff38a-e36a-4e2d-9848-6270c3b586dd"},{"doopID":"\u003cadvancedTest.Main: extras.Test foo()\u003e/extras.Test.\u003cinit\u003e/0","invokingMethodID":"a637b493-9748-4a37-b4d2-018181d9bb97","position":{"startLine":27,"startColumn":16,"endLine":27,"endColumn":20},"sourceFileName":"advancedTest.Main.java","id":"34c98edd-c0ee-482a-a3c8-dfc419c2e617"},{"doopID":"\u003cadvancedTest.Main: extras.Test foo(extras.Test,extras.Test2)\u003e/extras.Test.\u003cinit\u003e/0","invokingMethodID":"0291f717-16b4-4c7e-b35e-18922c6f72f0","position":{"startLine":31,"startColumn":16,"endLine":31,"endColumn":20},"sourceFileName":"advancedTest.Main.java","id":"0cc54e88-ed7a-4759-9858-27c5bfebd0ff"},{"doopID":"advancedTest.Main.bar/extras.Test2.\u003cinit\u003e/0","invokingMethodID":"840cb267-fd5f-472c-ba17-312903b17714","position":{"startLine":36,"startColumn":20,"endLine":36,"endColumn":25},"sourceFileName":"advancedTest.Main.java","id":"592e9ebd-37ef-4eef-bea8-146af531792b"},{"doopID":"\u003cadvancedTest.Main: extras.Test buz()\u003e/extras.Test.\u003cinit\u003e/0","invokingMethodID":"517d17c3-3bb8-4ea9-88be-3e6ba40175ee","position":{"startLine":42,"startColumn":26,"endLine":42,"endColumn":30},"sourceFileName":"advancedTest.Main.java","id":"35bbfb62-32b6-49f8-b79d-bdd075ebc5e1"},{"doopID":"\u003cadvancedTest.Main: extras.Test buz()\u003e/extras.Test.speak/0","invokingMethodID":"517d17c3-3bb8-4ea9-88be-3e6ba40175ee","position":{"startLine":43,"startColumn":19,"endLine":43,"endColumn":24},"sourceFileName":"advancedTest.Main.java","id":"18cd90bf-cb7a-4394-90c2-58538766fc01"},{"doopID":"\u003cadvancedTest.Main: extras.Test buz(int,extras.Test,extras.Test2)\u003e/extras.Test.speak/0","invokingMethodID":"3e0ce9af-761d-4d2f-a2c1-0b0adeab0bc1","position":{"startLine":48,"startColumn":11,"endLine":48,"endColumn":16},"sourceFileName":"advancedTest.Main.java","id":"28ad9b01-00b6-4211-90cf-5df9dcea5e77"},{"doopID":"\u003cadvancedTest.Main: extras.Test buz(int,extras.Test,extras.Test2)\u003e/extras.Test2.\u003cinit\u003e/0","invokingMethodID":"3e0ce9af-761d-4d2f-a2c1-0b0adeab0bc1","position":{"startLine":49,"startColumn":27,"endLine":49,"endColumn":32},"sourceFileName":"advancedTest.Main.java","id":"ccd85bec-61b5-42dc-bab1-387fe40d7393"},{"doopID":"\u003cadvancedTest.Main: extras.Test buz(int,extras.Test,extras.Test2)\u003e/extras.Test2.speak/1","invokingMethodID":"3e0ce9af-761d-4d2f-a2c1-0b0adeab0bc1","position":{"startLine":50,"startColumn":19,"endLine":50,"endColumn":24},"sourceFileName":"advancedTest.Main.java","id":"098e6978-1ce4-4d8d-8d9e-ae57dd110b78"},{"doopID":"\u003cadvancedTest.Main: extras.Test buz(int,extras.Test,extras.Test2)\u003e/extras.Test2.speak/2","invokingMethodID":"3e0ce9af-761d-4d2f-a2c1-0b0adeab0bc1","position":{"startLine":51,"startColumn":11,"endLine":51,"endColumn":16},"sourceFileName":"advancedTest.Main.java","id":"e7d8a36c-4de2-4331-9f88-43e6a9bb1abc"},{"doopID":"\u003cadvancedTest.Main: extras.Test buz(int,extras.Test,extras.Test2)\u003e/extras.Test.\u003cinit\u003e/1","invokingMethodID":"3e0ce9af-761d-4d2f-a2c1-0b0adeab0bc1","position":{"startLine":52,"startColumn":16,"endLine":52,"endColumn":20},"sourceFileName":"advancedTest.Main.java","id":"851d745e-30b6-43f2-988e-aa7248bf780c"}],"Method":[{"name":"\u003cinit\u003e","declaringClassID":"232182bc-3c0e-4e0e-b083-480462654344","returnType":"void","doopSignature":"\u003cadvancedTest.Main: void \u003cinit\u003e()\u003e","doopCompactName":"advancedTest.Main.\u003cinit\u003e","params":[],"paramTypes":[],"isStatic":false,"position":{"startLine":5,"startColumn":8,"endLine":5,"endColumn":14},"sourceFileName":"advancedTest.Main.java","id":"0d6b84be-5c0c-4ac7-af49-c6feea836c9e"},{"name":"main","declaringClassID":"232182bc-3c0e-4e0e-b083-480462654344","returnType":"void","doopSignature":"\u003cadvancedTest.Main: void main(java.lang.String[])\u003e","doopCompactName":"advancedTest.Main.main","params":["args"],"paramTypes":["String[]"],"isStatic":true,"position":{"startLine":7,"startColumn":24,"endLine":7,"endColumn":28},"sourceFileName":"advancedTest.Main.java","id":"46acc260-3b9a-4c0a-b3ae-3d5e69310445"},{"name":"foo","declaringClassID":"232182bc-3c0e-4e0e-b083-480462654344","returnType":"extras.Test","doopSignature":"\u003cadvancedTest.Main: extras.Test foo()\u003e","doopCompactName":"advancedTest.Main.foo","params":[],"paramTypes":[],"isStatic":true,"position":{"startLine":26,"startColumn":24,"endLine":26,"endColumn":27},"sourceFileName":"advancedTest.Main.java","id":"a637b493-9748-4a37-b4d2-018181d9bb97"},{"name":"foo","declaringClassID":"232182bc-3c0e-4e0e-b083-480462654344","returnType":"extras.Test","doopSignature":"\u003cadvancedTest.Main: extras.Test foo(extras.Test,extras.Test2)\u003e","doopCompactName":"advancedTest.Main.foo","params":["test","test2"],"paramTypes":["Test","Test2"],"isStatic":true,"position":{"startLine":30,"startColumn":24,"endLine":30,"endColumn":27},"sourceFileName":"advancedTest.Main.java","id":"0291f717-16b4-4c7e-b35e-18922c6f72f0"},{"name":"bar","declaringClassID":"232182bc-3c0e-4e0e-b083-480462654344","returnType":"extras.Test2","doopSignature":"\u003cadvancedTest.Main: extras.Test2 bar(extras.Test2)\u003e","doopCompactName":"advancedTest.Main.bar","params":["arg"],"paramTypes":["Test2"],"isStatic":true,"position":{"startLine":34,"startColumn":25,"endLine":34,"endColumn":28},"sourceFileName":"advancedTest.Main.java","id":"840cb267-fd5f-472c-ba17-312903b17714"},{"name":"buz","declaringClassID":"232182bc-3c0e-4e0e-b083-480462654344","returnType":"extras.Test","doopSignature":"\u003cadvancedTest.Main: extras.Test buz()\u003e","doopCompactName":"advancedTest.Main.buz","params":[],"paramTypes":[],"isStatic":false,"position":{"startLine":41,"startColumn":17,"endLine":41,"endColumn":20},"sourceFileName":"advancedTest.Main.java","id":"517d17c3-3bb8-4ea9-88be-3e6ba40175ee"},{"name":"buz","declaringClassID":"232182bc-3c0e-4e0e-b083-480462654344","returnType":"extras.Test","doopSignature":"\u003cadvancedTest.Main: extras.Test buz(int,extras.Test,extras.Test2)\u003e","doopCompactName":"advancedTest.Main.buz","params":["a","b","c"],"paramTypes":["int","Test","Test2"],"isStatic":false,"position":{"startLine":47,"startColumn":17,"endLine":47,"endColumn":20},"sourceFileName":"advancedTest.Main.java","id":"3e0ce9af-761d-4d2f-a2c1-0b0adeab0bc1"}]}