{"Field":[],"Variable":[{"name":"args","doopName":"advancedTest.Main.main/args","type":"java.lang.String[]","declaringMethodID":"68e1d6e5-8732-44ef-8e5e-415937a98d7f","isLocal":false,"isParameter":true,"position":{"startLine":7,"startColumn":38,"endLine":7,"endColumn":42},"sourceFileName":"advancedTest.Main.java","id":"92844aa1-6b27-4186-a3e6-8d8f22a77b9c"},{"name":"test1","doopName":"advancedTest.Main.main/test1","type":"extras.Test","declaringMethodID":"68e1d6e5-8732-44ef-8e5e-415937a98d7f","isLocal":true,"isParameter":false,"position":{"startLine":8,"startColumn":14,"endLine":8,"endColumn":19},"sourceFileName":"advancedTest.Main.java","id":"9588057b-ef72-4b95-b11b-2fff2ec74cb4"},{"name":"test3","doopName":"advancedTest.Main.main/test3","type":"extras.Test","declaringMethodID":"68e1d6e5-8732-44ef-8e5e-415937a98d7f","isLocal":true,"isParameter":false,"position":{"startLine":10,"startColumn":14,"endLine":10,"endColumn":19},"sourceFileName":"advancedTest.Main.java","id":"46206edd-6395-4d2b-a0cf-da02ea68ec78"},{"name":"test2","doopName":"advancedTest.Main.main/test2","type":"extras.Test2","declaringMethodID":"68e1d6e5-8732-44ef-8e5e-415937a98d7f","isLocal":true,"isParameter":false,"position":{"startLine":15,"startColumn":15,"endLine":15,"endColumn":20},"sourceFileName":"advancedTest.Main.java","id":"6bcc52ef-1ac0-4129-bf2f-584788efe0af"},{"name":"a","doopName":"advancedTest.Main.main/a","type":"int","declaringMethodID":"68e1d6e5-8732-44ef-8e5e-415937a98d7f","isLocal":true,"isParameter":false,"position":{"startLine":17,"startColumn":13,"endLine":17,"endColumn":14},"sourceFileName":"advancedTest.Main.java","id":"b0fb365d-c997-4893-a3c0-6e4097c4d081"},{"name":"test","doopName":"\u003cadvancedTest.Main: extras.Test foo(extras.Test,extras.Test2)\u003e/test","type":"extras.Test","declaringMethodID":"6c72df03-aa72-4300-826e-0dc55be58c7b","isLocal":false,"isParameter":true,"position":{"startLine":30,"startColumn":33,"endLine":30,"endColumn":37},"sourceFileName":"advancedTest.Main.java","id":"af654568-bad9-4c43-a940-a068f704c8e1"},{"name":"test2","doopName":"\u003cadvancedTest.Main: extras.Test foo(extras.Test,extras.Test2)\u003e/test2","type":"extras.Test2","declaringMethodID":"6c72df03-aa72-4300-826e-0dc55be58c7b","isLocal":false,"isParameter":true,"position":{"startLine":30,"startColumn":45,"endLine":30,"endColumn":50},"sourceFileName":"advancedTest.Main.java","id":"96ed2935-0763-4dc7-9f80-2617e0e25633"},{"name":"arg","doopName":"advancedTest.Main.bar/arg","type":"extras.Test2","declaringMethodID":"a587d669-8533-4ab5-960c-366341cc5da2","isLocal":false,"isParameter":true,"position":{"startLine":34,"startColumn":35,"endLine":34,"endColumn":38},"sourceFileName":"advancedTest.Main.java","id":"5438ab76-426a-411e-a4f9-e73afc36ba2b"},{"name":"localTest","doopName":"\u003cadvancedTest.Main: extras.Test buz()\u003e/localTest","type":"extras.Test","declaringMethodID":"1b14d3f7-bfb0-41c1-9b9d-c154d628f991","isLocal":true,"isParameter":false,"position":{"startLine":42,"startColumn":14,"endLine":42,"endColumn":23},"sourceFileName":"advancedTest.Main.java","id":"9badce2e-1488-4992-b309-b6975247fc7e"},{"name":"a","doopName":"\u003cadvancedTest.Main: extras.Test buz(int,extras.Test,extras.Test2)\u003e/a","type":"int","declaringMethodID":"959d6f17-7fc3-4dbd-b15b-4cbd07b367cb","isLocal":false,"isParameter":true,"position":{"startLine":47,"startColumn":25,"endLine":47,"endColumn":26},"sourceFileName":"advancedTest.Main.java","id":"57c1c85e-2583-47aa-b4c9-d732ec8e3996"},{"name":"b","doopName":"\u003cadvancedTest.Main: extras.Test buz(int,extras.Test,extras.Test2)\u003e/b","type":"extras.Test","declaringMethodID":"959d6f17-7fc3-4dbd-b15b-4cbd07b367cb","isLocal":false,"isParameter":true,"position":{"startLine":47,"startColumn":33,"endLine":47,"endColumn":34},"sourceFileName":"advancedTest.Main.java","id":"f4f099aa-2b80-48df-9845-11cef1a0f3db"},{"name":"c","doopName":"\u003cadvancedTest.Main: extras.Test buz(int,extras.Test,extras.Test2)\u003e/c","type":"extras.Test2","declaringMethodID":"959d6f17-7fc3-4dbd-b15b-4cbd07b367cb","isLocal":false,"isParameter":true,"position":{"startLine":47,"startColumn":42,"endLine":47,"endColumn":43},"sourceFileName":"advancedTest.Main.java","id":"ce1d0068-9f27-434e-bb6a-850e3c44ad6f"},{"name":"localTest","doopName":"\u003cadvancedTest.Main: extras.Test buz(int,extras.Test,extras.Test2)\u003e/localTest","type":"extras.Test2","declaringMethodID":"959d6f17-7fc3-4dbd-b15b-4cbd07b367cb","isLocal":true,"isParameter":false,"position":{"startLine":49,"startColumn":15,"endLine":49,"endColumn":24},"sourceFileName":"advancedTest.Main.java","id":"85e7b252-5bbb-443e-b2c2-80ac52594d1e"}],"HeapAllocation":[{"type":"extras.Test","allocatingMethodID":"68e1d6e5-8732-44ef-8e5e-415937a98d7f","doopID":"advancedTest.Main.main/new extras.Test/0","position":{"startLine":8,"startColumn":26,"endLine":8,"endColumn":30},"sourceFileName":"advancedTest.Main.java","id":"6271a942-4105-4e8e-a441-f26e029cf022"},{"type":"extras.Test2","allocatingMethodID":"68e1d6e5-8732-44ef-8e5e-415937a98d7f","doopID":"advancedTest.Main.main/new extras.Test2/1","position":{"startLine":9,"startColumn":27,"endLine":9,"endColumn":32},"sourceFileName":"advancedTest.Main.java","id":"55b25e9b-0c93-4638-aa2b-59c3d781516b"},{"type":"extras.Test2","allocatingMethodID":"68e1d6e5-8732-44ef-8e5e-415937a98d7f","doopID":"advancedTest.Main.main/new extras.Test2/2","position":{"startLine":10,"startColumn":42,"endLine":10,"endColumn":47},"sourceFileName":"advancedTest.Main.java","id":"6b3ddd2b-516b-4cb7-a150-e81440cc9ca7"},{"type":"extras.Test2","allocatingMethodID":"68e1d6e5-8732-44ef-8e5e-415937a98d7f","doopID":"advancedTest.Main.main/new extras.Test2/3","position":{"startLine":10,"startColumn":55,"endLine":10,"endColumn":60},"sourceFileName":"advancedTest.Main.java","id":"4e216263-fd0c-473b-b9dc-1265a37c616d"},{"type":"extras.Test","allocatingMethodID":"68e1d6e5-8732-44ef-8e5e-415937a98d7f","doopID":"advancedTest.Main.main/new extras.Test/4","position":{"startLine":10,"startColumn":26,"endLine":10,"endColumn":30},"sourceFileName":"advancedTest.Main.java","id":"5750ce55-3fa2-4a4c-8688-86d5cc9e5ec4"},{"type":"extras.Test2","allocatingMethodID":"68e1d6e5-8732-44ef-8e5e-415937a98d7f","doopID":"advancedTest.Main.main/new extras.Test2/5","position":{"startLine":12,"startColumn":25,"endLine":12,"endColumn":30},"sourceFileName":"advancedTest.Main.java","id":"d7b576fe-86cc-46d3-ae2c-b9a196c59f85"},{"type":"advancedTest.Main","allocatingMethodID":"68e1d6e5-8732-44ef-8e5e-415937a98d7f","doopID":"advancedTest.Main.main/new advancedTest.Main/6","position":{"startLine":18,"startColumn":21,"endLine":18,"endColumn":25},"sourceFileName":"advancedTest.Main.java","id":"43e3a1e0-eeb1-454e-8a9b-270df49a1d67"},{"type":"advancedTest.Main","allocatingMethodID":"68e1d6e5-8732-44ef-8e5e-415937a98d7f","doopID":"advancedTest.Main.main/new advancedTest.Main/7","position":{"startLine":20,"startColumn":21,"endLine":20,"endColumn":25},"sourceFileName":"advancedTest.Main.java","id":"a392daad-be1a-4d07-b987-7756d59fa698"},{"type":"extras.Test","allocatingMethodID":"75d5af07-cb06-4910-841d-b2361b88e494","doopID":"\u003cadvancedTest.Main: extras.Test foo()\u003e/new extras.Test/0","position":{"startLine":27,"startColumn":20,"endLine":27,"endColumn":24},"sourceFileName":"advancedTest.Main.java","id":"6aff50c8-6b4b-4df9-8989-9ed6c25c7d2a"},{"type":"extras.Test","allocatingMethodID":"6c72df03-aa72-4300-826e-0dc55be58c7b","doopID":"\u003cadvancedTest.Main: extras.Test foo(extras.Test,extras.Test2)\u003e/new extras.Test/0","position":{"startLine":31,"startColumn":20,"endLine":31,"endColumn":24},"sourceFileName":"advancedTest.Main.java","id":"862b0790-4edb-4fe2-8388-cfa6871ffdf5"},{"type":"extras.Test2","allocatingMethodID":"a587d669-8533-4ab5-960c-366341cc5da2","doopID":"advancedTest.Main.bar/new extras.Test2/0","position":{"startLine":36,"startColumn":24,"endLine":36,"endColumn":29},"sourceFileName":"advancedTest.Main.java","id":"a26a47e1-f319-45cb-98e5-7a75318842a3"},{"type":"extras.Test","allocatingMethodID":"1b14d3f7-bfb0-41c1-9b9d-c154d628f991","doopID":"\u003cadvancedTest.Main: extras.Test buz()\u003e/new extras.Test/0","position":{"startLine":42,"startColumn":30,"endLine":42,"endColumn":34},"sourceFileName":"advancedTest.Main.java","id":"5fdfdfd5-a064-4eda-8ba2-9a2e9371a0c8"},{"type":"extras.Test2","allocatingMethodID":"959d6f17-7fc3-4dbd-b15b-4cbd07b367cb","doopID":"\u003cadvancedTest.Main: extras.Test buz(int,extras.Test,extras.Test2)\u003e/new extras.Test2/0","position":{"startLine":49,"startColumn":31,"endLine":49,"endColumn":36},"sourceFileName":"advancedTest.Main.java","id":"bd93e41d-ee10-4a47-98bc-61f06c4dbf16"},{"type":"extras.Test","allocatingMethodID":"959d6f17-7fc3-4dbd-b15b-4cbd07b367cb","doopID":"\u003cadvancedTest.Main: extras.Test buz(int,extras.Test,extras.Test2)\u003e/new extras.Test/1","position":{"startLine":52,"startColumn":20,"endLine":52,"endColumn":24},"sourceFileName":"advancedTest.Main.java","id":"dcd447fd-8ffe-45c5-940e-0f62ec6a97cd"}],"Class":[{"name":"advancedTest.Main","packageName":"advancedTest","isInterface":false,"isEnum":false,"isStatic":false,"isInner":false,"isAnonymous":false,"position":{"startLine":5,"startColumn":8,"endLine":5,"endColumn":25},"sourceFileName":"advancedTest.Main.java","id":"e5211767-ca96-43e1-bf06-287255d6327a"}],"MethodInvocation":[{"doopID":"advancedTest.Main.\u003cinit\u003e/java.lang.Object.\u003cinit\u003e/0","invokingMethodID":"51d2a1fe-d7d2-44ad-953d-77ce1ff7aa73","position":{"startLine":5,"startColumn":8,"endLine":5,"endColumn":14},"sourceFileName":"advancedTest.Main.java","id":"df186737-bc04-4856-ad17-13ef3d596a08"},{"doopID":"advancedTest.Main.main/extras.Test.\u003cinit\u003e/0","invokingMethodID":"68e1d6e5-8732-44ef-8e5e-415937a98d7f","position":{"startLine":8,"startColumn":22,"endLine":8,"endColumn":26},"sourceFileName":"advancedTest.Main.java","id":"af8efe8a-e3cd-4c06-bdd2-723198abfe67"},{"doopID":"advancedTest.Main.main/extras.Test2.\u003cinit\u003e/1","invokingMethodID":"68e1d6e5-8732-44ef-8e5e-415937a98d7f","position":{"startLine":9,"startColumn":23,"endLine":9,"endColumn":28},"sourceFileName":"advancedTest.Main.java","id":"13316b10-8b92-4397-b08d-a8a50e30413f"},{"doopID":"advancedTest.Main.main/extras.Test2.\u003cinit\u003e/2","invokingMethodID":"68e1d6e5-8732-44ef-8e5e-415937a98d7f","position":{"startLine":10,"startColumn":38,"endLine":10,"endColumn":43},"sourceFileName":"advancedTest.Main.java","id":"6a9d65a0-c8af-489d-ab87-405e9f99d50f"},{"doopID":"advancedTest.Main.main/extras.Test2.\u003cinit\u003e/3","invokingMethodID":"68e1d6e5-8732-44ef-8e5e-415937a98d7f","position":{"startLine":10,"startColumn":51,"endLine":10,"endColumn":56},"sourceFileName":"advancedTest.Main.java","id":"41185fcf-a2db-4d98-8fbb-bf6f936eb4a5"},{"doopID":"advancedTest.Main.main/extras.Test.\u003cinit\u003e/4","invokingMethodID":"68e1d6e5-8732-44ef-8e5e-415937a98d7f","position":{"startLine":10,"startColumn":22,"endLine":10,"endColumn":26},"sourceFileName":"advancedTest.Main.java","id":"996da6c3-bc20-4a83-9fb2-a28d9dd13dc0"},{"doopID":"advancedTest.Main.main/advancedTest.Main.foo/0","invokingMethodID":"68e1d6e5-8732-44ef-8e5e-415937a98d7f","position":{"startLine":11,"startColumn":17,"endLine":11,"endColumn":20},"sourceFileName":"advancedTest.Main.java","id":"3ba4c491-2da7-4b9a-8270-2830282556cd"},{"doopID":"advancedTest.Main.main/extras.Test2.\u003cinit\u003e/5","invokingMethodID":"68e1d6e5-8732-44ef-8e5e-415937a98d7f","position":{"startLine":12,"startColumn":21,"endLine":12,"endColumn":26},"sourceFileName":"advancedTest.Main.java","id":"cba9c858-0f97-4f8d-8190-090fa01f8216"},{"doopID":"advancedTest.Main.main/extras.Test.speak/0","invokingMethodID":"68e1d6e5-8732-44ef-8e5e-415937a98d7f","position":{"startLine":12,"startColumn":15,"endLine":12,"endColumn":20},"sourceFileName":"advancedTest.Main.java","id":"0f54dc96-4139-4650-9dda-eebe555e72c6"},{"doopID":"advancedTest.Main.main/extras.Test.speak/1","invokingMethodID":"68e1d6e5-8732-44ef-8e5e-415937a98d7f","position":{"startLine":13,"startColumn":15,"endLine":13,"endColumn":20},"sourceFileName":"advancedTest.Main.java","id":"72793a1c-d664-4ed2-83a5-c7a74d809571"},{"doopID":"advancedTest.Main.main/advancedTest.Main.bar/0","invokingMethodID":"68e1d6e5-8732-44ef-8e5e-415937a98d7f","position":{"startLine":15,"startColumn":23,"endLine":15,"endColumn":26},"sourceFileName":"advancedTest.Main.java","id":"a21b9dc3-4df8-4d43-b173-44d823fcae46"},{"doopID":"advancedTest.Main.main/extras.Test2.speak/2","invokingMethodID":"68e1d6e5-8732-44ef-8e5e-415937a98d7f","position":{"startLine":16,"startColumn":15,"endLine":16,"endColumn":20},"sourceFileName":"advancedTest.Main.java","id":"c4986fe9-2bb5-4781-9fd7-231f614dcc55"},{"doopID":"advancedTest.Main.main/advancedTest.Main.\u003cinit\u003e/6","invokingMethodID":"68e1d6e5-8732-44ef-8e5e-415937a98d7f","position":{"startLine":18,"startColumn":17,"endLine":18,"endColumn":21},"sourceFileName":"advancedTest.Main.java","id":"a070e50b-02c4-4ec1-bede-dabf6a10a045"},{"doopID":"advancedTest.Main.main/advancedTest.Main.buz/0","invokingMethodID":"68e1d6e5-8732-44ef-8e5e-415937a98d7f","position":{"startLine":18,"startColumn":28,"endLine":18,"endColumn":31},"sourceFileName":"advancedTest.Main.java","id":"2cb47c1d-568b-4f26-8c4d-dec55ea3dd11"},{"doopID":"advancedTest.Main.main/extras.Test.speak/3","invokingMethodID":"68e1d6e5-8732-44ef-8e5e-415937a98d7f","position":{"startLine":19,"startColumn":15,"endLine":19,"endColumn":20},"sourceFileName":"advancedTest.Main.java","id":"967fc005-1fac-4e7c-a856-b7fdfdbd1709"},{"doopID":"advancedTest.Main.main/advancedTest.Main.\u003cinit\u003e/7","invokingMethodID":"68e1d6e5-8732-44ef-8e5e-415937a98d7f","position":{"startLine":20,"startColumn":17,"endLine":20,"endColumn":21},"sourceFileName":"advancedTest.Main.java","id":"bdc69903-3e01-41cc-afc3-2198cf64abe0"},{"doopID":"advancedTest.Main.main/advancedTest.Main.buz/1","invokingMethodID":"68e1d6e5-8732-44ef-8e5e-415937a98d7f","position":{"startLine":20,"startColumn":28,"endLine":20,"endColumn":31},"sourceFileName":"advancedTest.Main.java","id":"52a800be-fa6e-44e1-8068-deb75e7d33b8"},{"doopID":"advancedTest.Main.main/advancedTest.Main.foo/1","invokingMethodID":"68e1d6e5-8732-44ef-8e5e-415937a98d7f","position":{"startLine":21,"startColumn":17,"endLine":21,"endColumn":20},"sourceFileName":"advancedTest.Main.java","id":"ce42cc62-0ce2-47d6-88bd-cb8d2cff2bc8"},{"doopID":"advancedTest.Main.main/extras.Test.speak/4","invokingMethodID":"68e1d6e5-8732-44ef-8e5e-415937a98d7f","position":{"startLine":22,"startColumn":15,"endLine":22,"endColumn":20},"sourceFileName":"advancedTest.Main.java","id":"15e710d2-0b0b-45c3-8af7-c483d1b01dee"},{"doopID":"\u003cadvancedTest.Main: extras.Test foo()\u003e/extras.Test.\u003cinit\u003e/0","invokingMethodID":"75d5af07-cb06-4910-841d-b2361b88e494","position":{"startLine":27,"startColumn":16,"endLine":27,"endColumn":20},"sourceFileName":"advancedTest.Main.java","id":"fb1e2190-4e74-4e0a-9e2f-85d7033c7f67"},{"doopID":"\u003cadvancedTest.Main: extras.Test foo(extras.Test,extras.Test2)\u003e/extras.Test.\u003cinit\u003e/0","invokingMethodID":"6c72df03-aa72-4300-826e-0dc55be58c7b","position":{"startLine":31,"startColumn":16,"endLine":31,"endColumn":20},"sourceFileName":"advancedTest.Main.java","id":"4230c592-5274-482e-bfd3-2c7719372329"},{"doopID":"advancedTest.Main.bar/extras.Test2.\u003cinit\u003e/0","invokingMethodID":"a587d669-8533-4ab5-960c-366341cc5da2","position":{"startLine":36,"startColumn":20,"endLine":36,"endColumn":25},"sourceFileName":"advancedTest.Main.java","id":"65a19796-f219-4e36-97a6-f193579e5df4"},{"doopID":"\u003cadvancedTest.Main: extras.Test buz()\u003e/extras.Test.\u003cinit\u003e/0","invokingMethodID":"1b14d3f7-bfb0-41c1-9b9d-c154d628f991","position":{"startLine":42,"startColumn":26,"endLine":42,"endColumn":30},"sourceFileName":"advancedTest.Main.java","id":"9e2ecc31-0003-4fa3-83ad-4551e21ff128"},{"doopID":"\u003cadvancedTest.Main: extras.Test buz()\u003e/extras.Test.speak/0","invokingMethodID":"1b14d3f7-bfb0-41c1-9b9d-c154d628f991","position":{"startLine":43,"startColumn":19,"endLine":43,"endColumn":24},"sourceFileName":"advancedTest.Main.java","id":"22fc9b62-5b05-4f48-b359-aef630d90351"},{"doopID":"\u003cadvancedTest.Main: extras.Test buz(int,extras.Test,extras.Test2)\u003e/extras.Test.speak/0","invokingMethodID":"959d6f17-7fc3-4dbd-b15b-4cbd07b367cb","position":{"startLine":48,"startColumn":11,"endLine":48,"endColumn":16},"sourceFileName":"advancedTest.Main.java","id":"fd06bf38-ec0d-42b8-b8cb-87eb1fadff4a"},{"doopID":"\u003cadvancedTest.Main: extras.Test buz(int,extras.Test,extras.Test2)\u003e/extras.Test2.\u003cinit\u003e/0","invokingMethodID":"959d6f17-7fc3-4dbd-b15b-4cbd07b367cb","position":{"startLine":49,"startColumn":27,"endLine":49,"endColumn":32},"sourceFileName":"advancedTest.Main.java","id":"72fbda3b-c1e8-40e4-b5d4-80c30a30eaf1"},{"doopID":"\u003cadvancedTest.Main: extras.Test buz(int,extras.Test,extras.Test2)\u003e/extras.Test2.speak/1","invokingMethodID":"959d6f17-7fc3-4dbd-b15b-4cbd07b367cb","position":{"startLine":50,"startColumn":19,"endLine":50,"endColumn":24},"sourceFileName":"advancedTest.Main.java","id":"bd996022-1318-4e8c-8ad0-fc0f96222404"},{"doopID":"\u003cadvancedTest.Main: extras.Test buz(int,extras.Test,extras.Test2)\u003e/extras.Test2.speak/2","invokingMethodID":"959d6f17-7fc3-4dbd-b15b-4cbd07b367cb","position":{"startLine":51,"startColumn":11,"endLine":51,"endColumn":16},"sourceFileName":"advancedTest.Main.java","id":"35cc2284-78a2-41cc-af01-f7f5ab69e5a5"},{"doopID":"\u003cadvancedTest.Main: extras.Test buz(int,extras.Test,extras.Test2)\u003e/extras.Test.\u003cinit\u003e/1","invokingMethodID":"959d6f17-7fc3-4dbd-b15b-4cbd07b367cb","position":{"startLine":52,"startColumn":16,"endLine":52,"endColumn":20},"sourceFileName":"advancedTest.Main.java","id":"bd8e916c-1f6d-4997-97e3-11440d54c70a"}],"Method":[{"name":"\u003cinit\u003e","declaringClassID":"e5211767-ca96-43e1-bf06-287255d6327a","returnType":"void","doopSignature":"\u003cadvancedTest.Main: void \u003cinit\u003e()\u003e","doopCompactName":"advancedTest.Main.\u003cinit\u003e","params":[],"paramTypes":[],"isStatic":false,"position":{"startLine":5,"startColumn":8,"endLine":5,"endColumn":14},"sourceFileName":"advancedTest.Main.java","id":"51d2a1fe-d7d2-44ad-953d-77ce1ff7aa73"},{"name":"main","declaringClassID":"e5211767-ca96-43e1-bf06-287255d6327a","returnType":"void","doopSignature":"\u003cadvancedTest.Main: void main(java.lang.String[])\u003e","doopCompactName":"advancedTest.Main.main","params":["args"],"paramTypes":["String[]"],"isStatic":true,"position":{"startLine":7,"startColumn":24,"endLine":7,"endColumn":28},"sourceFileName":"advancedTest.Main.java","id":"68e1d6e5-8732-44ef-8e5e-415937a98d7f"},{"name":"foo","declaringClassID":"e5211767-ca96-43e1-bf06-287255d6327a","returnType":"extras.Test","doopSignature":"\u003cadvancedTest.Main: extras.Test foo()\u003e","doopCompactName":"advancedTest.Main.foo","params":[],"paramTypes":[],"isStatic":true,"position":{"startLine":26,"startColumn":24,"endLine":26,"endColumn":27},"sourceFileName":"advancedTest.Main.java","id":"75d5af07-cb06-4910-841d-b2361b88e494"},{"name":"foo","declaringClassID":"e5211767-ca96-43e1-bf06-287255d6327a","returnType":"extras.Test","doopSignature":"\u003cadvancedTest.Main: extras.Test foo(extras.Test,extras.Test2)\u003e","doopCompactName":"advancedTest.Main.foo","params":["test","test2"],"paramTypes":["Test","Test2"],"isStatic":true,"position":{"startLine":30,"startColumn":24,"endLine":30,"endColumn":27},"sourceFileName":"advancedTest.Main.java","id":"6c72df03-aa72-4300-826e-0dc55be58c7b"},{"name":"bar","declaringClassID":"e5211767-ca96-43e1-bf06-287255d6327a","returnType":"extras.Test2","doopSignature":"\u003cadvancedTest.Main: extras.Test2 bar(extras.Test2)\u003e","doopCompactName":"advancedTest.Main.bar","params":["arg"],"paramTypes":["Test2"],"isStatic":true,"position":{"startLine":34,"startColumn":25,"endLine":34,"endColumn":28},"sourceFileName":"advancedTest.Main.java","id":"a587d669-8533-4ab5-960c-366341cc5da2"},{"name":"buz","declaringClassID":"e5211767-ca96-43e1-bf06-287255d6327a","returnType":"extras.Test","doopSignature":"\u003cadvancedTest.Main: extras.Test buz()\u003e","doopCompactName":"advancedTest.Main.buz","params":[],"paramTypes":[],"isStatic":false,"position":{"startLine":41,"startColumn":17,"endLine":41,"endColumn":20},"sourceFileName":"advancedTest.Main.java","id":"1b14d3f7-bfb0-41c1-9b9d-c154d628f991"},{"name":"buz","declaringClassID":"e5211767-ca96-43e1-bf06-287255d6327a","returnType":"extras.Test","doopSignature":"\u003cadvancedTest.Main: extras.Test buz(int,extras.Test,extras.Test2)\u003e","doopCompactName":"advancedTest.Main.buz","params":["a","b","c"],"paramTypes":["int","Test","Test2"],"isStatic":false,"position":{"startLine":47,"startColumn":17,"endLine":47,"endColumn":20},"sourceFileName":"advancedTest.Main.java","id":"959d6f17-7fc3-4dbd-b15b-4cbd07b367cb"}]}